"25/02/2013";"10:37:03";"2004";"1";"ELEICOES 2004";"PB";"19011";"19011";"AGUA BRANCA";"34";"11";"PREFEITO";"5925";"14";"8";"5925";"14";"5128";"797";"4787";"58";"283";"0";"0";"03/10/2004";"20:21:09"
"25/02/2013";"10:37:03";"2004";"1";"ELEICOES 2004";"PB";"19011";"19011";"AGUA BRANCA";"34";"13";"VEREADOR";"5925";"14";"8";"5925";"14";"5128";"797";"4347";"48";"262";"471";"0";"03/10/2004";"20:21:09"
"25/02/2013";"10:37:03";"2004";"1";"ELEICOES 2004";"PB";"19038";"19038";"AGUIAR";"66";"11";"PREFEITO";"4366";"13";"6";"4366";"13";"4174";"192";"3944";"22";"208";"0";"0";"03/10/2004";"21:04:23"
"25/02/2013";"10:37:03";"2004";"1";"ELEICOES 2004";"PB";"19038";"19038";"AGUIAR";"66";"13";"VEREADOR";"4366";"13";"6";"4366";"13";"4174";"192";"3687";"18";"170";"299";"0";"03/10/2004";"21:04:23"
"25/02/2013";"10:37:03";"2004";"1";"ELEICOES 2004";"PB";"19054";"19054";"ALAGOA GRANDE";"9";"11";"PREFEITO";"20569";"62";"18";"20569";"62";"17260";"3309";"15436";"291";"1533";"0";"0";"03/10/2004";"19:46:43"
"25/02/2013";"10:37:03";"2004";"1";"ELEICOES 2004";"PB";"19054";"19054";"ALAGOA GRANDE";"9";"13";"VEREADOR";"20569";"62";"18";"20569";"62";"17260";"3309";"14697";"249";"598";"1716";"0";"03/10/2004";"19:46:43"
"25/02/2013";"10:37:03";"2004";"1";"ELEICOES 2004";"PB";"19070";"19070";"ALAGOA NOVA";"13";"11";"PREFEITO";"13462";"41";"6";"13462";"41";"11539";"1923";"10510";"218";"811";"0";"0";"03/10/2004";"19:10:33"
"25/02/2013";"10:37:03";"2004";"1";"ELEICOES 2004";"PB";"19070";"19070";"ALAGOA NOVA";"13";"13";"VEREADOR";"13462";"41";"6";"13462";"41";"11539";"1923";"9593";"176";"584";"1186";"0";"03/10/2004";"19:10:33"
"25/02/2013";"10:37:03";"2004";"1";"ELEICOES 2004";"PB";"19097";"19097";"ALAGOINHA";"46";"11";"PREFEITO";"9192";"24";"12";"9192";"24";"8040";"1152";"7258";"146";"636";"0";"0";"03/10/2004";"19:11:32"
"25/02/2013";"10:37:03";"2004";"1";"ELEICOES 2004";"PB";"19097";"19097";"ALAGOINHA";"46";"13";"VEREADOR";"9192";"24";"12";"9192";"24";"8040";"1152";"6789";"151";"310";"790";"0";"03/10/2004";"19:11:32"
"25/02/2013";"10:37:03";"2004";"1";"ELEICOES 2004";"PB";"19763";"19763";"ALCANTIL";"62";"11";"PREFEITO";"3533";"11";"1";"3533";"11";"3239";"294";"3075";"28";"136";"0";"0";"03/10/2004";"21:36:05"
"25/02/2013";"10:37:03";"2004";"1";"ELEICOES 2004";"PB";"19763";"19763";"ALCANTIL";"62";"13";"VEREADOR";"3533";"11";"1";"3533";"11";"3239";"294";"2866";"22";"96";"255";"0";"03/10/2004";"21:36:05"
"25/02/2013";"10:37:03";"2004";"1";"ELEICOES 2004";"PB";"19925";"19925";"ALGODAO DE JANDAIRA";"67";"11";"PREFEITO";"1916";"5";"0";"1916";"5";"1855";"61";"1750";"5";"100";"0";"0";"03/10/2004";"19:30:55"
"25/02/2013";"10:37:03";"2004";"1";"ELEICOES 2004";"PB";"19925";"19925";"ALGODAO DE JANDAIRA";"67";"13";"VEREADOR";"1916";"5";"0";"1916";"5";"1855";"61";"1699";"7";"33";"116";"0";"03/10/2004";"19:30:55"
"25/02/2013";"10:37:03";"2004";"1";"ELEICOES 2004";"PB";"19119";"19119";"ALHANDRA";"73";"11";"PREFEITO";"11658";"36";"0";"11658";"36";"11160";"498";"10211";"174";"775";"0";"0";"03/10/2004";"23:45:35"
"25/02/2013";"10:37:03";"2004";"1";"ELEICOES 2004";"PB";"19119";"19119";"ALHANDRA";"73";"13";"VEREADOR";"11658";"36";"0";"11658";"36";"11160";"498";"9719";"185";"286";"970";"0";"03/10/2004";"23:45:35"
"25/02/2013";"10:37:03";"2004";"1";"ELEICOES 2004";"PB";"19585";"19585";"AMPARO";"43";"11";"PREFEITO";"1746";"5";"0";"1746";"5";"1616";"130";"1539";"9";"68";"0";"0";"03/10/2004";"18:26:32"
"25/02/2013";"10:37:03";"2004";"1";"ELEICOES 2004";"PB";"19585";"19585";"AMPARO";"43";"13";"VEREADOR";"1746";"5";"0";"1746";"5";"1616";"130";"1458";"9";"32";"117";"0";"03/10/2004";"18:26:32"
"25/02/2013";"10:37:03";"2004";"1";"ELEICOES 2004";"PB";"19844";"19844";"APARECIDA";"63";"11";"PREFEITO";"5071";"16";"4";"5071";"16";"4864";"207";"4568";"69";"227";"0";"0";"03/10/2004";"19:32:28"
"25/02/2013";"10:37:03";"2004";"1";"ELEICOES 2004";"PB";"19844";"19844";"APARECIDA";"63";"13";"VEREADOR";"5071";"16";"4";"5071";"16";"4864";"207";"4203";"68";"114";"479";"0";"03/10/2004";"19:32:28"
"25/02/2013";"10:37:03";"2004";"1";"ELEICOES 2004";"PB";"19151";"19151";"ARACAGI";"10";"11";"PREFEITO";"13328";"41";"1";"13328";"41";"10413";"2915";"9571";"145";"697";"0";"0";"03/10/2004";"20:20:30"
"25/02/2013";"10:37:03";"2004";"1";"ELEICOES 2004";"PB";"19151";"19151";"ARACAGI";"10";"13";"VEREADOR";"13328";"41";"1";"13328";"41";"10413";"2915";"9136";"91";"288";"898";"0";"03/10/2004";"20:20:30"
"25/02/2013";"10:37:03";"2004";"1";"ELEICOES 2004";"PB";"19178";"19178";"ARARA";"12";"11";"PREFEITO";"7711";"23";"20";"7711";"23";"6508";"1203";"6117";"64";"327";"0";"0";"03/10/2004";"20:43:09"
"25/02/2013";"10:37:03";"2004";"1";"ELEICOES 2004";"PB";"19178";"19178";"ARARA";"12";"13";"VEREADOR";"7711";"23";"20";"7711";"23";"6508";"1203";"5693";"57";"316";"442";"0";"03/10/2004";"20:43:09"
"25/02/2013";"10:37:03";"2004";"1";"ELEICOES 2004";"PB";"19194";"19194";"ARARUNA";"20";"11";"PREFEITO";"11613";"31";"27";"11613";"31";"10233";"1380";"9554";"137";"542";"0";"0";"03/10/2004";"21:06:04"
"25/02/2013";"10:37:03";"2004";"1";"ELEICOES 2004";"PB";"19194";"19194";"ARARUNA";"20";"13";"VEREADOR";"11613";"31";"27";"11613";"31";"10233";"1380";"8621";"136";"541";"935";"0";"03/10/2004";"21:06:04"
"25/02/2013";"10:37:03";"2004";"1";"ELEICOES 2004";"PB";"19216";"19216";"AREIA";"11";"11";"PREFEITO";"16683";"45";"33";"16683";"45";"14674";"2009";"13313";"229";"1132";"0";"0";"03/10/2004";"18:34:15"
"25/02/2013";"10:37:03";"2004";"1";"ELEICOES 2004";"PB";"19216";"19216";"AREIA";"11";"13";"VEREADOR";"16683";"45";"33";"16683";"45";"14674";"2009";"12556";"295";"518";"1305";"0";"03/10/2004";"18:34:15"
"25/02/2013";"10:37:03";"2004";"1";"ELEICOES 2004";"PB";"19909";"19909";"AREIA DE BARAUNAS";"65";"11";"PREFEITO";"1564";"4";"3";"1564";"4";"1445";"119";"1307";"19";"119";"0";"0";"03/10/2004";"19:56:21"
"25/02/2013";"10:37:03";"2004";"1";"ELEICOES 2004";"PB";"19909";"19909";"AREIA DE BARAUNAS";"65";"13";"VEREADOR";"1564";"4";"3";"1564";"4";"1445";"119";"1278";"5";"58";"104";"0";"03/10/2004";"19:56:21"
"25/02/2013";"10:37:03";"2004";"1";"ELEICOES 2004";"PB";"19232";"19232";"AREIAL";"19";"11";"PREFEITO";"4588";"15";"0";"4588";"15";"4022";"566";"3802";"50";"170";"0";"0";"03/10/2004";"18:26:25"
"25/02/2013";"10:37:03";"2004";"1";"ELEICOES 2004";"PB";"19232";"19232";"AREIAL";"19";"13";"VEREADOR";"4588";"15";"0";"4588";"15";"4022";"566";"3544";"46";"167";"265";"0";"03/10/2004";"18:26:25"
"25/02/2013";"10:37:03";"2004";"1";"ELEICOES 2004";"PB";"19259";"19259";"AROEIRAS";"49";"11";"PREFEITO";"13427";"43";"8";"13427";"43";"11596";"1831";"10717";"127";"752";"0";"0";"04/10/2004";"00:52:29"
"25/02/2013";"10:37:03";"2004";"1";"ELEICOES 2004";"PB";"19259";"19259";"AROEIRAS";"49";"13";"VEREADOR";"13427";"43";"8";"13427";"43";"11596";"1831";"10300";"134";"377";"785";"0";"04/10/2004";"00:52:29"
"25/02/2013";"10:37:03";"2004";"1";"ELEICOES 2004";"PB";"19321";"19321";"ASSUNCAO";"27";"11";"PREFEITO";"2406";"7";"0";"2406";"7";"2345";"61";"2261";"6";"78";"0";"0";"03/10/2004";"18:31:03"
"25/02/2013";"10:37:03";"2004";"1";"ELEICOES 2004";"PB";"19321";"19321";"ASSUNCAO";"27";"13";"VEREADOR";"2406";"7";"0";"2406";"7";"2345";"61";"2133";"6";"54";"152";"0";"03/10/2004";"18:31:03"
"25/02/2013";"10:37:03";"2004";"1";"ELEICOES 2004";"PB";"19291";"19291";"BAIA DA TRAICAO";"55";"11";"PREFEITO";"4660";"14";"2";"4660";"14";"4035";"625";"3809";"37";"189";"0";"0";"03/10/2004";"19:36:45"
"25/02/2013";"10:37:03";"2004";"1";"ELEICOES 2004";"PB";"19291";"19291";"BAIA DA TRAICAO";"55";"13";"VEREADOR";"4660";"14";"2";"4660";"14";"4035";"625";"3576";"33";"120";"306";"0";"03/10/2004";"19:36:45"
"25/02/2013";"10:37:03";"2004";"1";"ELEICOES 2004";"PB";"19313";"19313";"BANANEIRAS";"14";"11";"PREFEITO";"15453";"48";"13";"15453";"48";"13335";"2118";"12171";"163";"1001";"0";"0";"03/10/2004";"19:52:01"
"25/02/2013";"10:37:03";"2004";"1";"ELEICOES 2004";"PB";"19313";"19313";"BANANEIRAS";"14";"13";"VEREADOR";"15453";"48";"13";"15453";"48";"13335";"2118";"11624";"165";"393";"1153";"0";"03/10/2004";"19:52:01"
"25/02/2013";"10:37:03";"2004";"1";"ELEICOES 2004";"PB";"19305";"19305";"BARAUNA";"25";"11";"PREFEITO";"2513";"6";"5";"2513";"6";"2415";"98";"2265";"24";"126";"0";"0";"03/10/2004";"19:38:18"
"25/02/2013";"10:37:03";"2004";"1";"ELEICOES 2004";"PB";"19305";"19305";"BARAUNA";"25";"13";"VEREADOR";"2513";"6";"5";"2513";"6";"2415";"98";"2168";"18";"77";"152";"0";"03/10/2004";"19:38:18"
"25/02/2013";"10:37:03";"2004";"1";"ELEICOES 2004";"PB";"19330";"19330";"BARRA DE SANTA ROSA";"24";"11";"PREFEITO";"8976";"33";"10";"8976";"33";"8021";"955";"7567";"68";"386";"0";"0";"04/10/2004";"00:41:37"
"25/02/2013";"10:37:03";"2004";"1";"ELEICOES 2004";"PB";"19330";"19330";"BARRA DE SANTA ROSA";"24";"13";"VEREADOR";"8976";"33";"10";"8976";"33";"8021";"955";"7133";"43";"271";"574";"0";"04/10/2004";"00:41:37"
"25/02/2013";"10:37:03";"2004";"1";"ELEICOES 2004";"PB";"19780";"19780";"BARRA DE SANTANA";"62";"11";"PREFEITO";"5979";"19";"9";"5979";"19";"5367";"612";"5001";"55";"311";"0";"0";"03/10/2004";"21:03:01"
"25/02/2013";"10:37:03";"2004";"1";"ELEICOES 2004";"PB";"19780";"19780";"BARRA DE SANTANA";"62";"13";"VEREADOR";"5979";"19";"9";"5979";"19";"5367";"612";"4777";"49";"156";"385";"0";"03/10/2004";"21:03:01"
"25/02/2013";"10:37:03";"2004";"1";"ELEICOES 2004";"PB";"19356";"19356";"BARRA DE SAO MIGUEL";"21";"11";"PREFEITO";"4429";"17";"0";"4429";"17";"3992";"437";"3843";"35";"114";"0";"0";"03/10/2004";"21:19:37"
"25/02/2013";"10:37:03";"2004";"1";"ELEICOES 2004";"PB";"19356";"19356";"BARRA DE SAO MIGUEL";"21";"13";"VEREADOR";"4429";"17";"0";"4429";"17";"3992";"437";"3659";"33";"98";"202";"0";"03/10/2004";"21:19:37"
"25/02/2013";"10:37:03";"2004";"1";"ELEICOES 2004";"PB";"19372";"19372";"BAYEUX";"61";"11";"PREFEITO";"65143";"182";"6";"65143";"182";"56804";"8339";"52892";"927";"2985";"0";"0";"03/10/2004";"21:04:16"
"25/02/2013";"10:37:03";"2004";"1";"ELEICOES 2004";"PB";"19372";"19372";"BAYEUX";"61";"13";"VEREADOR";"65143";"182";"6";"65143";"182";"56804";"8339";"50497";"1269";"1322";"3716";"0";"03/10/2004";"21:04:16"
"25/02/2013";"10:37:03";"2004";"1";"ELEICOES 2004";"PB";"19399";"19399";"BELEM";"54";"11";"PREFEITO";"11709";"36";"3";"11709";"36";"9982";"1727";"9171";"121";"690";"0";"0";"03/10/2004";"18:44:27"
"25/02/2013";"10:37:03";"2004";"1";"ELEICOES 2004";"PB";"19399";"19399";"BELEM";"54";"13";"VEREADOR";"11709";"36";"3";"11709";"36";"9982";"1727";"8815";"117";"320";"730";"0";"03/10/2004";"18:44:27"
"25/02/2013";"10:37:03";"2004";"1";"ELEICOES 2004";"PB";"19410";"19410";"BELEM DO BREJO DO CRUZ";"38";"11";"PREFEITO";"4952";"19";"2";"4952";"19";"4538";"414";"4258";"39";"241";"0";"0";"03/10/2004";"18:49:18"
"25/02/2013";"10:37:03";"2004";"1";"ELEICOES 2004";"PB";"19410";"19410";"BELEM DO BREJO DO CRUZ";"38";"13";"VEREADOR";"4952";"19";"2";"4952";"19";"4538";"414";"4120";"52";"109";"257";"0";"03/10/2004";"18:49:18"
"25/02/2013";"10:37:03";"2004";"1";"ELEICOES 2004";"PB";"19500";"19500";"BERNARDINO BATISTA";"37";"11";"PREFEITO";"2078";"7";"2";"2078";"7";"1833";"245";"1696";"20";"117";"0";"0";"03/10/2004";"19:32:47"
"25/02/2013";"10:37:03";"2004";"1";"ELEICOES 2004";"PB";"19500";"19500";"BERNARDINO BATISTA";"37";"13";"VEREADOR";"2078";"7";"2";"2078";"7";"1833";"245";"1582";"13";"103";"135";"0";"03/10/2004";"19:32:47"
"25/02/2013";"10:37:03";"2004";"1";"ELEICOES 2004";"PB";"19437";"19437";"BOA VENTURA";"33";"11";"PREFEITO";"4501";"13";"5";"4501";"13";"3863";"638";"3556";"50";"257";"0";"0";"03/10/2004";"19:22:23"
"25/02/2013";"10:37:03";"2004";"1";"ELEICOES 2004";"PB";"19437";"19437";"BOA VENTURA";"33";"13";"VEREADOR";"4501";"13";"5";"4501";"13";"3863";"638";"3410";"35";"115";"303";"0";"03/10/2004";"19:22:23"
"25/02/2013";"10:37:03";"2004";"1";"ELEICOES 2004";"PB";"19941";"19941";"BOA VISTA";"72";"11";"PREFEITO";"4222";"11";"0";"4222";"11";"4123";"99";"3943";"27";"153";"0";"0";"03/10/2004";"20:04:29"
"25/02/2013";"10:37:03";"2004";"1";"ELEICOES 2004";"PB";"19941";"19941";"BOA VISTA";"72";"13";"VEREADOR";"4222";"11";"0";"4222";"11";"4123";"99";"3813";"24";"80";"206";"0";"03/10/2004";"20:04:29"
"25/02/2013";"10:37:03";"2004";"1";"ELEICOES 2004";"PB";"19453";"19453";"BOM JESUS";"42";"11";"PREFEITO";"1996";"6";"2";"1996";"6";"1926";"70";"1841";"11";"74";"0";"0";"03/10/2004";"23:01:39"
"25/02/2013";"10:37:03";"2004";"1";"ELEICOES 2004";"PB";"19453";"19453";"BOM JESUS";"42";"13";"VEREADOR";"1996";"6";"2";"1996";"6";"1926";"70";"1747";"5";"58";"116";"0";"03/10/2004";"23:01:39"
"25/02/2013";"10:37:03";"2004";"1";"ELEICOES 2004";"PB";"19470";"19470";"BOM SUCESSO";"36";"11";"PREFEITO";"4367";"11";"10";"4367";"11";"3919";"448";"3716";"29";"174";"0";"0";"03/10/2004";"19:29:30"
"25/02/2013";"10:37:03";"2004";"1";"ELEICOES 2004";"PB";"19470";"19470";"BOM SUCESSO";"36";"13";"VEREADOR";"4367";"11";"10";"4367";"11";"3919";"448";"3510";"23";"135";"251";"0";"03/10/2004";"19:29:30"
"25/02/2013";"10:37:03";"2004";"1";"ELEICOES 2004";"PB";"19496";"19496";"BONITO DE SANTA FE";"39";"11";"PREFEITO";"6764";"20";"6";"6764";"20";"5836";"928";"5291";"68";"477";"0";"0";"03/10/2004";"18:55:39"
"25/02/2013";"10:37:03";"2004";"1";"ELEICOES 2004";"PB";"19496";"19496";"BONITO DE SANTA FE";"39";"13";"VEREADOR";"6764";"20";"6";"6764";"20";"5836";"928";"5160";"44";"179";"453";"0";"03/10/2004";"18:55:39"
"25/02/2013";"10:37:03";"2004";"1";"ELEICOES 2004";"PB";"19518";"19518";"BOQUEIRAO";"62";"11";"PREFEITO";"12968";"41";"4";"12968";"41";"10984";"1984";"10394";"100";"490";"0";"0";"03/10/2004";"19:33:49"
"25/02/2013";"10:37:03";"2004";"1";"ELEICOES 2004";"PB";"19518";"19518";"BOQUEIRAO";"62";"13";"VEREADOR";"12968";"41";"4";"12968";"41";"10984";"1984";"10099";"106";"215";"564";"0";"03/10/2004";"19:33:49"
"25/02/2013";"10:37:03";"2004";"1";"ELEICOES 2004";"PB";"19550";"19550";"BORBOREMA";"14";"11";"PREFEITO";"3512";"12";"6";"3512";"12";"3030";"482";"2807";"38";"185";"0";"0";"03/10/2004";"18:36:51"
"25/02/2013";"10:37:03";"2004";"1";"ELEICOES 2004";"PB";"19550";"19550";"BORBOREMA";"14";"13";"VEREADOR";"3512";"12";"6";"3512";"12";"3030";"482";"2659";"39";"138";"194";"0";"03/10/2004";"18:36:51"
"25/02/2013";"10:37:03";"2004";"1";"ELEICOES 2004";"PB";"19577";"19577";"BREJO DO CRUZ";"38";"11";"PREFEITO";"9469";"31";"0";"9469";"31";"8282";"1187";"7825";"76";"381";"0";"0";"03/10/2004";"19:14:25"
"25/02/2013";"10:37:03";"2004";"1";"ELEICOES 2004";"PB";"19577";"19577";"BREJO DO CRUZ";"38";"13";"VEREADOR";"9469";"31";"0";"9469";"31";"8282";"1187";"7411";"78";"290";"503";"0";"03/10/2004";"19:14:25"
"25/02/2013";"10:37:03";"2004";"1";"ELEICOES 2004";"PB";"19593";"19593";"BREJO DOS SANTOS";"36";"11";"PREFEITO";"4665";"13";"10";"4665";"13";"4439";"226";"4206";"38";"195";"0";"0";"03/10/2004";"19:29:40"
"25/02/2013";"10:37:03";"2004";"1";"ELEICOES 2004";"PB";"19593";"19593";"BREJO DOS SANTOS";"36";"13";"VEREADOR";"4665";"13";"10";"4665";"13";"4439";"226";"3882";"38";"165";"354";"0";"03/10/2004";"19:29:40"
"25/02/2013";"10:37:03";"2004";"1";"ELEICOES 2004";"PB";"19615";"19615";"CAAPORA";"73";"11";"PREFEITO";"14493";"38";"1";"14493";"38";"12565";"1928";"11652";"185";"728";"0";"0";"03/10/2004";"23:19:52"
"25/02/2013";"10:37:03";"2004";"1";"ELEICOES 2004";"PB";"19615";"19615";"CAAPORA";"73";"13";"VEREADOR";"14493";"38";"1";"14493";"38";"12565";"1928";"11127";"133";"298";"1007";"0";"03/10/2004";"23:19:52"
"25/02/2013";"10:37:03";"2004";"1";"ELEICOES 2004";"PB";"19631";"19631";"CABACEIRAS";"21";"11";"PREFEITO";"3819";"11";"10";"3819";"11";"3447";"372";"3327";"24";"96";"0";"0";"03/10/2004";"18:30:46"
"25/02/2013";"10:37:03";"2004";"1";"ELEICOES 2004";"PB";"19631";"19631";"CABACEIRAS";"21";"13";"VEREADOR";"3819";"11";"10";"3819";"11";"3447";"372";"3214";"21";"53";"159";"0";"03/10/2004";"18:30:46"
"25/02/2013";"10:37:03";"2004";"1";"ELEICOES 2004";"PB";"19658";"19658";"CABEDELO";"57";"11";"PREFEITO";"31816";"89";"4";"31816";"89";"28105";"3711";"26237";"494";"1374";"0";"0";"03/10/2004";"19:56:43"
"25/02/2013";"10:37:03";"2004";"1";"ELEICOES 2004";"PB";"19658";"19658";"CABEDELO";"57";"13";"VEREADOR";"31816";"89";"4";"31816";"89";"28105";"3711";"25515";"396";"511";"1683";"0";"03/10/2004";"19:56:43"
"25/02/2013";"10:37:03";"2004";"1";"ELEICOES 2004";"PB";"19674";"19674";"CACHOEIRA DOS INDIOS";"68";"11";"PREFEITO";"6587";"21";"4";"6587";"21";"5862";"725";"5440";"53";"369";"0";"0";"03/10/2004";"20:32:41"
"25/02/2013";"10:37:03";"2004";"1";"ELEICOES 2004";"PB";"19674";"19674";"CACHOEIRA DOS INDIOS";"68";"13";"VEREADOR";"6587";"21";"4";"6587";"21";"5862";"725";"5217";"52";"160";"433";"0";"03/10/2004";"20:32:41"
"25/02/2013";"10:37:03";"2004";"1";"ELEICOES 2004";"PB";"19690";"19690";"CACIMBA DE AREIA";"65";"11";"PREFEITO";"2448";"6";"10";"2448";"6";"2324";"124";"2232";"18";"74";"0";"0";"03/10/2004";"19:57:17"
"25/02/2013";"10:37:03";"2004";"1";"ELEICOES 2004";"PB";"19690";"19690";"CACIMBA DE AREIA";"65";"13";"VEREADOR";"2448";"6";"10";"2448";"6";"2324";"124";"2111";"16";"54";"143";"0";"03/10/2004";"19:57:17"
"25/02/2013";"10:37:03";"2004";"1";"ELEICOES 2004";"PB";"19712";"19712";"CACIMBA DE DENTRO";"20";"11";"PREFEITO";"12652";"41";"20";"12652";"41";"10774";"1878";"10027";"95";"652";"0";"0";"04/10/2004";"04:15:38"
"25/02/2013";"10:37:03";"2004";"1";"ELEICOES 2004";"PB";"19712";"19712";"CACIMBA DE DENTRO";"20";"13";"VEREADOR";"12652";"41";"20";"12652";"41";"10774";"1878";"9154";"74";"455";"1091";"0";"04/10/2004";"04:15:38"
"25/02/2013";"10:37:03";"2004";"1";"ELEICOES 2004";"PB";"19364";"19364";"CACIMBAS";"30";"11";"PREFEITO";"4929";"15";"6";"4929";"15";"3876";"1053";"3468";"69";"339";"0";"0";"03/10/2004";"20:59:21"
"25/02/2013";"10:37:03";"2004";"1";"ELEICOES 2004";"PB";"19364";"19364";"CACIMBAS";"30";"13";"VEREADOR";"4929";"15";"6";"4929";"15";"3876";"1053";"3398";"43";"161";"274";"0";"03/10/2004";"20:59:21"
"25/02/2013";"10:37:03";"2004";"1";"ELEICOES 2004";"PB";"19739";"19739";"CAICARA";"15";"11";"PREFEITO";"5474";"18";"2";"5474";"18";"4759";"715";"4523";"44";"192";"0";"0";"03/10/2004";"20:32:47"
"25/02/2013";"10:37:03";"2004";"1";"ELEICOES 2004";"PB";"19739";"19739";"CAICARA";"15";"13";"VEREADOR";"5474";"18";"2";"5474";"18";"4759";"715";"4228";"19";"184";"328";"0";"03/10/2004";"20:32:47"
"25/02/2013";"10:37:03";"2004";"1";"ELEICOES 2004";"PB";"19755";"19755";"CAJAZEIRAS";"42";"11";"PREFEITO";"21802";"69";"8";"21802";"69";"17781";"4021";"16593";"291";"897";"0";"0";"03/10/2004";"18:55:53"
"25/02/2013";"10:37:03";"2004";"1";"ELEICOES 2004";"PB";"19755";"19755";"CAJAZEIRAS";"42";"13";"VEREADOR";"21802";"69";"8";"21802";"69";"17781";"4021";"15396";"444";"524";"1417";"0";"03/10/2004";"18:55:53"
"25/02/2013";"10:37:03";"2004";"1";"ELEICOES 2004";"PB";"19755";"19755";"CAJAZEIRAS";"68";"11";"PREFEITO";"17386";"51";"5";"17386";"51";"14325";"3061";"13485";"226";"614";"0";"0";"03/10/2004";"22:10:27"
"25/02/2013";"10:37:03";"2004";"1";"ELEICOES 2004";"PB";"19755";"19755";"CAJAZEIRAS";"68";"13";"VEREADOR";"17386";"51";"5";"17386";"51";"14325";"3061";"12763";"260";"310";"992";"0";"03/10/2004";"18:40:49"
"25/02/2013";"10:37:03";"2004";"1";"ELEICOES 2004";"PB";"19380";"19380";"CAJAZEIRINHAS";"31";"11";"PREFEITO";"3235";"9";"0";"3235";"9";"3096";"139";"2895";"30";"171";"0";"0";"03/10/2004";"22:50:19"
"25/02/2013";"10:37:03";"2004";"1";"ELEICOES 2004";"PB";"19380";"19380";"CAJAZEIRINHAS";"31";"13";"VEREADOR";"3235";"9";"0";"3235";"9";"3096";"139";"2699";"21";"138";"238";"0";"03/10/2004";"18:51:05"
"25/02/2013";"10:37:03";"2004";"1";"ELEICOES 2004";"PB";"19771";"19771";"CALDAS BRANDAO";"75";"11";"PREFEITO";"4070";"15";"2";"4070";"15";"3624";"446";"3342";"49";"233";"0";"0";"14/10/2004";"09:00:19"
"25/02/2013";"10:37:03";"2004";"1";"ELEICOES 2004";"PB";"19771";"19771";"CALDAS BRANDAO";"75";"13";"VEREADOR";"4070";"15";"2";"4070";"15";"3624";"446";"3224";"34";"114";"252";"0";"03/10/2004";"22:10:17"
"25/02/2013";"10:37:03";"2004";"1";"ELEICOES 2004";"PB";"19798";"19798";"CAMALAU";"29";"11";"PREFEITO";"4084";"15";"3";"4084";"15";"3731";"353";"3542";"43";"146";"0";"0";"03/10/2004";"19:09:40"
"25/02/2013";"10:37:03";"2004";"1";"ELEICOES 2004";"PB";"19798";"19798";"CAMALAU";"29";"13";"VEREADOR";"4084";"15";"3";"4084";"15";"3731";"353";"3379";"36";"75";"241";"0";"03/10/2004";"19:09:40"
"25/02/2013";"10:37:03";"2004";"1";"ELEICOES 2004";"PB";"19810";"19810";"CAMPINA GRANDE";"16";"11";"PREFEITO";"43371";"134";"3";"43371";"134";"37211";"6160";"34996";"500";"1715";"0";"0";"03/10/2004";"21:04:00"
"25/02/2013";"10:37:03";"2004";"1";"ELEICOES 2004";"PB";"19810";"19810";"CAMPINA GRANDE";"16";"13";"VEREADOR";"43371";"134";"3";"43371";"134";"37211";"6160";"32587";"719";"975";"2930";"0";"03/10/2004";"21:04:00"
"25/02/2013";"10:37:03";"2004";"1";"ELEICOES 2004";"PB";"19810";"19810";"CAMPINA GRANDE";"17";"11";"PREFEITO";"83648";"232";"14";"83648";"232";"72483";"11165";"67981";"1164";"3338";"0";"0";"03/10/2004";"21:28:36"
"25/02/2013";"10:37:03";"2004";"1";"ELEICOES 2004";"PB";"19810";"19810";"CAMPINA GRANDE";"17";"13";"VEREADOR";"83648";"232";"14";"83648";"232";"72483";"11165";"63535";"1572";"1900";"5476";"0";"03/10/2004";"21:28:36"
"25/02/2013";"10:37:03";"2004";"1";"ELEICOES 2004";"PB";"19810";"19810";"CAMPINA GRANDE";"71";"11";"PREFEITO";"33738";"97";"22";"33738";"97";"28790";"4948";"27042";"426";"1322";"0";"0";"03/10/2004";"21:28:36"
"25/02/2013";"10:37:03";"2004";"1";"ELEICOES 2004";"PB";"19810";"19810";"CAMPINA GRANDE";"71";"13";"VEREADOR";"33738";"97";"22";"33738";"97";"28790";"4948";"25153";"605";"780";"2252";"0";"03/10/2004";"21:28:36"
"25/02/2013";"10:37:03";"2004";"1";"ELEICOES 2004";"PB";"19810";"19810";"CAMPINA GRANDE";"72";"11";"PREFEITO";"81388";"219";"8";"81388";"219";"70271";"11117";"66193";"912";"3166";"0";"0";"03/10/2004";"20:56:43"
"25/02/2013";"10:37:03";"2004";"1";"ELEICOES 2004";"PB";"19810";"19810";"CAMPINA GRANDE";"72";"13";"VEREADOR";"81388";"219";"8";"81388";"219";"70271";"11117";"61662";"1365";"1709";"5535";"0";"03/10/2004";"20:56:43"
"25/02/2013";"10:37:03";"2004";"1";"ELEICOES 2004";"PB";"22292";"22292";"CAMPO DE SANTANA";"20";"11";"PREFEITO";"6687";"17";"19";"6687";"17";"5925";"762";"5559";"61";"305";"0";"0";"03/10/2004";"19:22:59"
"25/02/2013";"10:37:03";"2004";"1";"ELEICOES 2004";"PB";"22292";"22292";"CAMPO DE SANTANA";"20";"13";"VEREADOR";"6687";"17";"19";"6687";"17";"5925";"762";"5130";"62";"220";"513";"0";"03/10/2004";"19:22:59"
"25/02/2013";"10:37:03";"2004";"1";"ELEICOES 2004";"PB";"19062";"19062";"CAPIM";"7";"11";"PREFEITO";"3811";"12";"0";"3811";"12";"3149";"662";"2874";"52";"223";"0";"0";"03/10/2004";"18:57:16"
"25/02/2013";"10:37:03";"2004";"1";"ELEICOES 2004";"PB";"19062";"19062";"CAPIM";"7";"13";"VEREADOR";"3811";"12";"0";"3811";"12";"3149";"662";"2702";"49";"133";"265";"0";"03/10/2004";"18:57:16"
"25/02/2013";"10:37:03";"2004";"1";"ELEICOES 2004";"PB";"19240";"19240";"CARAUBAS";"22";"11";"PREFEITO";"2975";"8";"7";"2975";"8";"2731";"244";"2581";"25";"125";"0";"0";"03/10/2004";"21:14:53"
"25/02/2013";"10:37:03";"2004";"1";"ELEICOES 2004";"PB";"19240";"19240";"CARAUBAS";"22";"13";"VEREADOR";"2975";"8";"7";"2975";"8";"2731";"244";"2416";"24";"114";"177";"0";"03/10/2004";"21:14:53"
"25/02/2013";"10:37:03";"2004";"1";"ELEICOES 2004";"PB";"19836";"19836";"CARRAPATEIRA";"40";"11";"PREFEITO";"1854";"6";"1";"1854";"6";"1666";"188";"1583";"8";"75";"0";"0";"03/10/2004";"20:17:06"
"25/02/2013";"10:37:03";"2004";"1";"ELEICOES 2004";"PB";"19836";"19836";"CARRAPATEIRA";"40";"13";"VEREADOR";"1854";"6";"1";"1854";"6";"1666";"188";"1545";"5";"41";"75";"0";"03/10/2004";"20:17:06"
"25/02/2013";"10:37:03";"2004";"1";"ELEICOES 2004";"PB";"19607";"19607";"CASSERENGUE";"48";"11";"PREFEITO";"4816";"13";"4";"4816";"13";"4170";"646";"3891";"49";"230";"0";"0";"03/10/2004";"19:19:59"
"25/02/2013";"10:37:03";"2004";"1";"ELEICOES 2004";"PB";"19607";"19607";"CASSERENGUE";"48";"13";"VEREADOR";"4816";"13";"4";"4816";"13";"4170";"646";"3609";"36";"153";"372";"0";"03/10/2004";"19:19:59"
"25/02/2013";"10:37:03";"2004";"1";"ELEICOES 2004";"PB";"19852";"19852";"CATINGUEIRA";"32";"11";"PREFEITO";"3719";"11";"4";"3719";"11";"3476";"243";"3300";"38";"138";"0";"0";"03/10/2004";"20:29:28"
"25/02/2013";"10:37:03";"2004";"1";"ELEICOES 2004";"PB";"19852";"19852";"CATINGUEIRA";"32";"13";"VEREADOR";"3719";"11";"4";"3719";"11";"3476";"243";"3098";"33";"101";"244";"0";"03/10/2004";"20:29:28"
"25/02/2013";"10:37:03";"2004";"1";"ELEICOES 2004";"PB";"19879";"19879";"CATOLE DO ROCHA";"36";"11";"PREFEITO";"18804";"59";"9";"18804";"59";"17121";"1683";"16110";"189";"822";"0";"0";"03/10/2004";"19:06:51"
"25/02/2013";"10:37:03";"2004";"1";"ELEICOES 2004";"PB";"19879";"19879";"CATOLE DO ROCHA";"36";"13";"VEREADOR";"18804";"59";"9";"18804";"59";"17121";"1683";"15154";"170";"360";"1437";"0";"03/10/2004";"19:06:51"
"25/02/2013";"10:37:03";"2004";"1";"ELEICOES 2004";"PB";"19801";"19801";"CATURITE";"62";"11";"PREFEITO";"3350";"11";"1";"3350";"11";"3084";"266";"2842";"44";"198";"0";"0";"03/10/2004";"18:37:55"
"25/02/2013";"10:37:03";"2004";"1";"ELEICOES 2004";"PB";"19801";"19801";"CATURITE";"62";"13";"VEREADOR";"3350";"11";"1";"3350";"11";"3084";"266";"2805";"19";"85";"175";"0";"03/10/2004";"18:37:55"
"25/02/2013";"10:37:03";"2004";"1";"ELEICOES 2004";"PB";"19895";"19895";"CONCEICAO";"41";"11";"PREFEITO";"12838";"31";"27";"12838";"31";"10807";"2031";"10002";"134";"671";"0";"0";"03/10/2004";"18:05:45"
"25/02/2013";"10:37:03";"2004";"1";"ELEICOES 2004";"PB";"19895";"19895";"CONCEICAO";"41";"13";"VEREADOR";"12838";"31";"27";"12838";"31";"10807";"2031";"9422";"99";"401";"885";"0";"03/10/2004";"18:05:45"
"25/02/2013";"10:37:03";"2004";"1";"ELEICOES 2004";"PB";"19917";"19917";"CONDADO";"51";"11";"PREFEITO";"4993";"12";"14";"4993";"12";"4723";"270";"4427";"44";"252";"0";"0";"03/10/2004";"19:04:32"
"25/02/2013";"10:37:03";"2004";"1";"ELEICOES 2004";"PB";"19917";"19917";"CONDADO";"51";"13";"VEREADOR";"4993";"12";"14";"4993";"12";"4723";"270";"4230";"37";"157";"299";"0";"03/10/2004";"19:04:32"
"25/02/2013";"10:37:03";"2004";"1";"ELEICOES 2004";"PB";"19933";"19933";"CONDE";"73";"11";"PREFEITO";"8801";"30";"4";"8801";"30";"8441";"360";"7569";"153";"719";"0";"0";"04/10/2004";"00:29:26"
"25/02/2013";"10:37:03";"2004";"1";"ELEICOES 2004";"PB";"19933";"19933";"CONDE";"73";"13";"VEREADOR";"8801";"30";"4";"8801";"30";"8441";"360";"7415";"126";"206";"694";"0";"04/10/2004";"00:29:26"
"25/02/2013";"10:37:03";"2004";"1";"ELEICOES 2004";"PB";"19950";"19950";"CONGO";"43";"11";"PREFEITO";"3655";"13";"0";"3655";"13";"3403";"252";"3264";"18";"121";"0";"0";"03/10/2004";"18:33:54"
"25/02/2013";"10:37:03";"2004";"1";"ELEICOES 2004";"PB";"19950";"19950";"CONGO";"43";"13";"VEREADOR";"3655";"13";"0";"3655";"13";"3403";"252";"3108";"8";"105";"182";"0";"03/10/2004";"18:33:54"
"25/02/2013";"10:37:03";"2004";"1";"ELEICOES 2004";"PB";"19976";"19976";"COREMAS";"52";"11";"PREFEITO";"10622";"41";"0";"10622";"41";"9266";"1356";"8751";"85";"430";"0";"0";"03/10/2004";"17:55:30"
"25/02/2013";"10:37:03";"2004";"1";"ELEICOES 2004";"PB";"19976";"19976";"COREMAS";"52";"13";"VEREADOR";"10622";"41";"0";"10622";"41";"9266";"1356";"8330";"91";"204";"641";"0";"03/10/2004";"17:55:30"
"25/02/2013";"10:37:03";"2004";"1";"ELEICOES 2004";"PB";"19704";"19704";"COXIXOLA";"58";"11";"PREFEITO";"1217";"4";"1";"1217";"4";"1192";"25";"1149";"6";"37";"0";"0";"03/10/2004";"18:35:48"
"25/02/2013";"10:37:03";"2004";"1";"ELEICOES 2004";"PB";"19704";"19704";"COXIXOLA";"58";"13";"VEREADOR";"1217";"4";"1";"1217";"4";"1192";"25";"1083";"4";"34";"71";"0";"03/10/2004";"18:35:48"
"25/02/2013";"10:37:03";"2004";"1";"ELEICOES 2004";"PB";"19992";"19992";"CRUZ DO ESPIRITO SANTO";"3";"11";"PREFEITO";"11413";"35";"0";"11413";"35";"10581";"832";"9624";"151";"806";"0";"0";"03/10/2004";"17:59:02"
"25/02/2013";"10:37:03";"2004";"1";"ELEICOES 2004";"PB";"19992";"19992";"CRUZ DO ESPIRITO SANTO";"3";"13";"VEREADOR";"11413";"35";"0";"11413";"35";"10581";"832";"9378";"148";"261";"794";"0";"03/10/2004";"17:59:02"
"25/02/2013";"10:37:03";"2004";"1";"ELEICOES 2004";"PB";"20010";"20010";"CUBATI";"23";"11";"PREFEITO";"4986";"22";"1";"4986";"22";"4616";"370";"4449";"49";"118";"0";"0";"03/10/2004";"20:48:07"
"25/02/2013";"10:37:03";"2004";"1";"ELEICOES 2004";"PB";"20010";"20010";"CUBATI";"23";"13";"VEREADOR";"4986";"22";"1";"4986";"22";"4616";"370";"4234";"35";"98";"249";"0";"03/10/2004";"20:48:07"
"25/02/2013";"10:37:03";"2004";"1";"ELEICOES 2004";"PB";"20036";"20036";"CUITE";"24";"11";"PREFEITO";"14667";"49";"2";"14667";"49";"11871";"2796";"11126";"122";"623";"0";"0";"04/10/2004";"02:05:54"
"25/02/2013";"10:37:03";"2004";"1";"ELEICOES 2004";"PB";"20036";"20036";"CUITE";"24";"13";"VEREADOR";"14667";"49";"2";"14667";"49";"11871";"2796";"9280";"122";"629";"1840";"0";"13/12/2004";"08:04:00"
"25/02/2013";"10:37:03";"2004";"1";"ELEICOES 2004";"PB";"19089";"19089";"CUITE DE MAMANGUAPE";"7";"11";"PREFEITO";"5153";"16";"7";"5153";"16";"4092";"1061";"3735";"58";"299";"0";"0";"03/10/2004";"19:19:28"
"25/02/2013";"10:37:03";"2004";"1";"ELEICOES 2004";"PB";"19089";"19089";"CUITE DE MAMANGUAPE";"7";"13";"VEREADOR";"5153";"16";"7";"5153";"16";"4092";"1061";"3543";"40";"215";"294";"0";"03/10/2004";"19:19:28"
"25/02/2013";"10:37:03";"2004";"1";"ELEICOES 2004";"PB";"20052";"20052";"CUITEGI";"45";"11";"PREFEITO";"4778";"14";"1";"4778";"14";"4238";"540";"3945";"53";"240";"0";"0";"03/10/2004";"19:06:24"
"25/02/2013";"10:37:03";"2004";"1";"ELEICOES 2004";"PB";"20052";"20052";"CUITEGI";"45";"13";"VEREADOR";"4778";"14";"1";"4778";"14";"4238";"540";"3630";"59";"191";"358";"0";"03/10/2004";"19:06:24"
"25/02/2013";"10:37:03";"2004";"1";"ELEICOES 2004";"PB";"19100";"19100";"CURRAL DE CIMA";"60";"11";"PREFEITO";"3943";"12";"7";"3943";"12";"3709";"234";"3321";"71";"317";"0";"0";"03/10/2004";"23:15:06"
"25/02/2013";"10:37:03";"2004";"1";"ELEICOES 2004";"PB";"19100";"19100";"CURRAL DE CIMA";"60";"13";"VEREADOR";"3943";"12";"7";"3943";"12";"3709";"234";"3089";"50";"221";"349";"0";"03/10/2004";"23:15:06"
"25/02/2013";"10:37:03";"2004";"1";"ELEICOES 2004";"PB";"20079";"20079";"CURRAL VELHO";"33";"11";"PREFEITO";"2022";"7";"1";"2022";"7";"1668";"354";"1565";"12";"91";"0";"0";"03/10/2004";"18:27:51"
"25/02/2013";"10:37:03";"2004";"1";"ELEICOES 2004";"PB";"20079";"20079";"CURRAL VELHO";"33";"13";"VEREADOR";"2022";"7";"1";"2022";"7";"1668";"354";"1478";"10";"41";"139";"0";"03/10/2004";"18:27:51"
"25/02/2013";"10:37:03";"2004";"1";"ELEICOES 2004";"PB";"19275";"19275";"DAMIAO";"24";"11";"PREFEITO";"2959";"9";"0";"2959";"9";"2820";"139";"2724";"15";"81";"0";"0";"04/10/2004";"00:31:48"
"25/02/2013";"10:37:03";"2004";"1";"ELEICOES 2004";"PB";"19275";"19275";"DAMIAO";"24";"13";"VEREADOR";"2959";"9";"0";"2959";"9";"2820";"139";"2477";"4";"98";"241";"0";"04/10/2004";"00:31:48"
"25/02/2013";"10:37:03";"2004";"1";"ELEICOES 2004";"PB";"20095";"20095";"DESTERRO";"30";"11";"PREFEITO";"5909";"20";"9";"5909";"20";"5170";"739";"4818";"59";"293";"0";"0";"03/10/2004";"20:40:35"
"25/02/2013";"10:37:03";"2004";"1";"ELEICOES 2004";"PB";"20095";"20095";"DESTERRO";"30";"13";"VEREADOR";"5909";"20";"9";"5909";"20";"5170";"739";"4546";"79";"151";"394";"0";"03/10/2004";"20:40:35"
"25/02/2013";"10:37:03";"2004";"1";"ELEICOES 2004";"PB";"20133";"20133";"DIAMANTE";"33";"11";"PREFEITO";"4895";"16";"4";"4895";"16";"4205";"690";"3927";"35";"243";"0";"0";"03/10/2004";"19:54:35"
"25/02/2013";"10:37:03";"2004";"1";"ELEICOES 2004";"PB";"20133";"20133";"DIAMANTE";"33";"13";"VEREADOR";"4895";"16";"4";"4895";"16";"4205";"690";"3729";"35";"96";"345";"0";"03/10/2004";"19:54:35"
"25/02/2013";"10:37:03";"2004";"1";"ELEICOES 2004";"PB";"20150";"20150";"DONA INES";"14";"11";"PREFEITO";"7502";"23";"5";"7502";"23";"6492";"1010";"6098";"76";"318";"0";"0";"03/10/2004";"20:11:07"
"25/02/2013";"10:37:03";"2004";"1";"ELEICOES 2004";"PB";"20150";"20150";"DONA INES";"14";"13";"VEREADOR";"7502";"23";"5";"7502";"23";"6492";"1010";"5487";"29";"358";"618";"0";"03/10/2004";"20:11:07"
"25/02/2013";"10:37:03";"2004";"1";"ELEICOES 2004";"PB";"20176";"20176";"DUAS ESTRADAS";"47";"11";"PREFEITO";"2766";"8";"4";"2766";"8";"2636";"130";"2516";"33";"87";"0";"0";"03/10/2004";"19:19:11"
"25/02/2013";"10:37:03";"2004";"1";"ELEICOES 2004";"PB";"20176";"20176";"DUAS ESTRADAS";"47";"13";"VEREADOR";"2766";"8";"4";"2766";"8";"2636";"130";"2354";"32";"70";"180";"0";"03/10/2004";"19:19:11"
"25/02/2013";"10:37:03";"2004";"1";"ELEICOES 2004";"PB";"20192";"20192";"EMAS";"32";"11";"PREFEITO";"2582";"8";"0";"2582";"8";"2397";"185";"2291";"16";"90";"0";"0";"03/10/2004";"18:53:40"
"25/02/2013";"10:37:03";"2004";"1";"ELEICOES 2004";"PB";"20192";"20192";"EMAS";"32";"13";"VEREADOR";"2582";"8";"0";"2582";"8";"2397";"185";"2219";"14";"49";"115";"0";"03/10/2004";"18:53:40"
"25/02/2013";"10:37:03";"2004";"1";"ELEICOES 2004";"PB";"20214";"20214";"ESPERANCA";"19";"11";"PREFEITO";"22374";"66";"0";"22374";"66";"18314";"4060";"17257";"245";"812";"0";"0";"03/10/2004";"18:42:53"
"25/02/2013";"10:37:03";"2004";"1";"ELEICOES 2004";"PB";"20214";"20214";"ESPERANCA";"19";"13";"VEREADOR";"22374";"66";"0";"22374";"66";"18314";"4060";"15943";"288";"620";"1463";"0";"03/10/2004";"18:42:53"
"25/02/2013";"10:37:03";"2004";"1";"ELEICOES 2004";"PB";"20230";"20230";"FAGUNDES";"59";"11";"PREFEITO";"9349";"23";"8";"9349";"23";"7554";"1795";"6907";"67";"580";"0";"0";"03/10/2004";"19:55:18"
"25/02/2013";"10:37:03";"2004";"1";"ELEICOES 2004";"PB";"20230";"20230";"FAGUNDES";"59";"13";"VEREADOR";"9349";"23";"8";"9349";"23";"7554";"1795";"6621";"59";"251";"623";"0";"03/10/2004";"19:55:18"
"25/02/2013";"10:37:03";"2004";"1";"ELEICOES 2004";"PB";"20257";"20257";"FREI MARTINHO";"25";"11";"PREFEITO";"2318";"8";"0";"2318";"8";"2204";"114";"2099";"14";"91";"0";"0";"03/10/2004";"19:08:49"
"25/02/2013";"10:37:03";"2004";"1";"ELEICOES 2004";"PB";"20257";"20257";"FREI MARTINHO";"25";"13";"VEREADOR";"2318";"8";"0";"2318";"8";"2204";"114";"2038";"9";"58";"99";"0";"03/10/2004";"19:08:49"
"25/02/2013";"10:37:03";"2004";"1";"ELEICOES 2004";"PB";"19623";"19623";"GADO BRAVO";"49";"11";"PREFEITO";"6698";"19";"0";"6698";"19";"5457";"1241";"4946";"118";"393";"0";"0";"03/10/2004";"23:32:31"
"25/02/2013";"10:37:03";"2004";"1";"ELEICOES 2004";"PB";"19623";"19623";"GADO BRAVO";"49";"13";"VEREADOR";"6698";"19";"0";"6698";"19";"5457";"1241";"4647";"77";"222";"511";"0";"03/10/2004";"23:32:31"
"25/02/2013";"10:37:03";"2004";"1";"ELEICOES 2004";"PB";"20273";"20273";"GUARABIRA";"10";"11";"PREFEITO";"34738";"107";"9";"34738";"107";"30724";"4014";"28671";"533";"1520";"0";"0";"03/10/2004";"21:00:59"
"25/02/2013";"10:37:03";"2004";"1";"ELEICOES 2004";"PB";"20273";"20273";"GUARABIRA";"10";"13";"VEREADOR";"34738";"107";"9";"34738";"107";"30724";"4014";"27265";"638";"621";"2200";"0";"03/10/2004";"21:00:59"
"25/02/2013";"10:37:03";"2004";"1";"ELEICOES 2004";"PB";"20290";"20290";"GURINHEM";"75";"11";"PREFEITO";"10416";"33";"1";"10416";"33";"8730";"1686";"8361";"62";"307";"0";"0";"03/10/2004";"21:22:53"
"25/02/2013";"10:37:03";"2004";"1";"ELEICOES 2004";"PB";"20290";"20290";"GURINHEM";"75";"13";"VEREADOR";"10416";"33";"1";"10416";"33";"8730";"1686";"7890";"60";"235";"545";"0";"03/10/2004";"21:22:53"
"25/02/2013";"10:37:03";"2004";"1";"ELEICOES 2004";"PB";"20311";"20311";"GURJAO";"22";"11";"PREFEITO";"2416";"7";"3";"2416";"7";"2328";"88";"2210";"26";"92";"0";"0";"03/10/2004";"19:27:35"
"25/02/2013";"10:37:03";"2004";"1";"ELEICOES 2004";"PB";"20311";"20311";"GURJAO";"22";"13";"VEREADOR";"2416";"7";"3";"2416";"7";"2328";"88";"2099";"15";"57";"157";"0";"03/10/2004";"19:27:35"
"25/02/2013";"10:37:03";"2004";"1";"ELEICOES 2004";"PB";"20338";"20338";"IBIARA";"41";"11";"PREFEITO";"4899";"14";"7";"4899";"14";"4303";"596";"4006";"50";"247";"0";"0";"03/10/2004";"18:29:25"
"25/02/2013";"10:37:03";"2004";"1";"ELEICOES 2004";"PB";"20338";"20338";"IBIARA";"41";"13";"VEREADOR";"4899";"14";"7";"4899";"14";"4303";"596";"3725";"33";"164";"381";"0";"03/10/2004";"18:29:25"
"25/02/2013";"10:37:03";"2004";"1";"ELEICOES 2004";"PB";"19534";"19534";"IGARACY";"66";"11";"PREFEITO";"5085";"16";"2";"5085";"16";"4343";"742";"4100";"38";"205";"0";"0";"04/10/2004";"05:14:39"
"25/02/2013";"10:37:03";"2004";"1";"ELEICOES 2004";"PB";"19534";"19534";"IGARACY";"66";"13";"VEREADOR";"5085";"16";"2";"5085";"16";"4343";"742";"3825";"34";"126";"358";"0";"04/10/2004";"05:26:51"
"25/02/2013";"10:37:03";"2004";"1";"ELEICOES 2004";"PB";"20354";"20354";"IMACULADA";"30";"11";"PREFEITO";"7090";"23";"13";"7090";"23";"6219";"871";"5595";"71";"553";"0";"0";"03/10/2004";"20:37:59"
"25/02/2013";"10:37:03";"2004";"1";"ELEICOES 2004";"PB";"20354";"20354";"IMACULADA";"30";"13";"VEREADOR";"7090";"23";"13";"7090";"23";"6219";"871";"5391";"51";"216";"561";"0";"03/10/2004";"20:37:59"
"25/02/2013";"10:37:03";"2004";"1";"ELEICOES 2004";"PB";"20370";"20370";"INGA";"8";"11";"PREFEITO";"13672";"37";"12";"13672";"37";"10641";"3031";"9965";"134";"542";"0";"0";"03/10/2004";"20:44:11"
"25/02/2013";"10:37:03";"2004";"1";"ELEICOES 2004";"PB";"20370";"20370";"INGA";"8";"13";"VEREADOR";"13672";"37";"12";"13672";"37";"10641";"3031";"9266";"125";"389";"861";"0";"03/10/2004";"20:44:11"
"25/02/2013";"10:37:03";"2004";"1";"ELEICOES 2004";"PB";"20397";"20397";"ITABAIANA";"6";"11";"PREFEITO";"16090";"40";"47";"16090";"40";"15182";"908";"14103";"272";"807";"0";"0";"03/10/2004";"19:41:30"
"25/02/2013";"10:37:03";"2004";"1";"ELEICOES 2004";"PB";"20397";"20397";"ITABAIANA";"6";"13";"VEREADOR";"16090";"40";"47";"16090";"40";"15182";"908";"13360";"269";"526";"1027";"0";"03/10/2004";"19:41:30"
"25/02/2013";"10:37:03";"2004";"1";"ELEICOES 2004";"PB";"20419";"20419";"ITAPORANGA";"33";"11";"PREFEITO";"15509";"44";"6";"15509";"44";"12660";"2849";"11601";"191";"868";"0";"0";"03/10/2004";"18:09:15"
"25/02/2013";"10:37:03";"2004";"1";"ELEICOES 2004";"PB";"20419";"20419";"ITAPORANGA";"33";"13";"VEREADOR";"15509";"44";"6";"15509";"44";"12660";"2849";"11016";"147";"491";"1006";"0";"03/10/2004";"18:09:15"
"25/02/2013";"10:37:03";"2004";"1";"ELEICOES 2004";"PB";"20435";"20435";"ITAPOROROCA";"7";"11";"PREFEITO";"10039";"31";"2";"10039";"31";"9103";"936";"8445";"94";"564";"0";"0";"03/10/2004";"19:12:36"
"25/02/2013";"10:37:03";"2004";"1";"ELEICOES 2004";"PB";"20435";"20435";"ITAPOROROCA";"7";"13";"VEREADOR";"10039";"31";"2";"10039";"31";"9103";"936";"8023";"92";"270";"718";"0";"03/10/2004";"19:12:36"
"25/02/2013";"10:37:03";"2004";"1";"ELEICOES 2004";"PB";"20451";"20451";"ITATUBA";"8";"11";"PREFEITO";"7729";"26";"0";"7729";"26";"6319";"1410";"5980";"75";"264";"0";"0";"03/10/2004";"19:51:28"
"25/02/2013";"10:37:03";"2004";"1";"ELEICOES 2004";"PB";"20451";"20451";"ITATUBA";"8";"13";"VEREADOR";"7729";"26";"0";"7729";"26";"6319";"1410";"5503";"70";"292";"454";"0";"03/10/2004";"19:51:28"
"25/02/2013";"10:37:03";"2004";"1";"ELEICOES 2004";"PB";"20478";"20478";"JACARAU";"60";"11";"PREFEITO";"10547";"30";"12";"10547";"30";"9202";"1345";"8392";"127";"683";"0";"0";"03/10/2004";"20:12:04"
"25/02/2013";"10:37:03";"2004";"1";"ELEICOES 2004";"PB";"20478";"20478";"JACARAU";"60";"13";"VEREADOR";"10547";"30";"12";"10547";"30";"9202";"1345";"8008";"81";"295";"818";"0";"03/10/2004";"20:12:04"
"25/02/2013";"10:37:03";"2004";"1";"ELEICOES 2004";"PB";"20494";"20494";"JERICO";"36";"11";"PREFEITO";"5757";"16";"6";"5757";"16";"5295";"462";"5094";"34";"167";"0";"0";"03/10/2004";"19:29:49"
"25/02/2013";"10:37:03";"2004";"1";"ELEICOES 2004";"PB";"20494";"20494";"JERICO";"36";"13";"VEREADOR";"5757";"16";"6";"5757";"16";"5295";"462";"4798";"23";"125";"349";"0";"03/10/2004";"19:29:49"
"25/02/2013";"10:37:03";"2004";"1";"ELEICOES 2004";"PB";"20516";"20516";"JOAO PESSOA";"1";"11";"PREFEITO";"85953";"204";"26";"85953";"204";"75395";"10558";"70860";"1100";"3435";"0";"0";"04/10/2004";"02:18:37"
"25/02/2013";"10:37:03";"2004";"1";"ELEICOES 2004";"PB";"20516";"20516";"JOAO PESSOA";"1";"13";"VEREADOR";"85953";"204";"26";"85953";"204";"75395";"10558";"67708";"1529";"1604";"4554";"0";"04/10/2004";"02:18:37"
"25/02/2013";"10:37:03";"2004";"1";"ELEICOES 2004";"PB";"20516";"20516";"JOAO PESSOA";"64";"11";"PREFEITO";"121751";"292";"36";"121751";"292";"106839";"14912";"99062";"1805";"5972";"0";"0";"03/10/2004";"22:40:30"
"25/02/2013";"10:37:03";"2004";"1";"ELEICOES 2004";"PB";"20516";"20516";"JOAO PESSOA";"64";"13";"VEREADOR";"121751";"292";"36";"121751";"292";"106839";"14912";"94643";"2110";"2595";"7491";"0";"03/10/2004";"22:40:30"
"25/02/2013";"10:37:03";"2004";"1";"ELEICOES 2004";"PB";"20516";"20516";"JOAO PESSOA";"70";"11";"PREFEITO";"120260";"261";"17";"120260";"261";"107995";"12265";"101275";"1638";"5082";"0";"0";"04/10/2004";"02:18:37"
"25/02/2013";"10:37:03";"2004";"1";"ELEICOES 2004";"PB";"20516";"20516";"JOAO PESSOA";"70";"13";"VEREADOR";"120260";"261";"17";"120260";"261";"107995";"12265";"96713";"2243";"2720";"6319";"0";"04/10/2004";"02:18:37"
"25/02/2013";"10:37:03";"2004";"1";"ELEICOES 2004";"PB";"20516";"20516";"JOAO PESSOA";"76";"11";"PREFEITO";"76795";"172";"10";"76795";"172";"66647";"10148";"63397";"856";"2394";"0";"0";"03/10/2004";"22:12:24"
"25/02/2013";"10:37:03";"2004";"1";"ELEICOES 2004";"PB";"20516";"20516";"JOAO PESSOA";"76";"13";"VEREADOR";"76795";"172";"10";"76795";"172";"66647";"10148";"60826";"1398";"1358";"3065";"0";"03/10/2004";"22:12:24"
"25/02/2013";"10:37:03";"2004";"1";"ELEICOES 2004";"PB";"20532";"20532";"JUAREZ TAVORA";"9";"11";"PREFEITO";"5539";"16";"4";"5539";"16";"4994";"545";"4693";"37";"264";"0";"0";"03/10/2004";"20:37:49"
"25/02/2013";"10:37:03";"2004";"1";"ELEICOES 2004";"PB";"20532";"20532";"JUAREZ TAVORA";"9";"13";"VEREADOR";"5539";"16";"4";"5539";"16";"4994";"545";"4593";"43";"75";"283";"0";"03/10/2004";"20:37:49"
"25/02/2013";"10:37:03";"2004";"1";"ELEICOES 2004";"PB";"20559";"20559";"JUAZEIRINHO";"56";"11";"PREFEITO";"10435";"30";"18";"10435";"30";"9391";"1044";"8650";"126";"615";"0";"0";"03/10/2004";"18:49:08"
"25/02/2013";"10:37:03";"2004";"1";"ELEICOES 2004";"PB";"20559";"20559";"JUAZEIRINHO";"56";"13";"VEREADOR";"10435";"30";"18";"10435";"30";"9391";"1044";"8171";"114";"276";"830";"0";"03/10/2004";"18:49:08"
"25/02/2013";"10:37:03";"2004";"1";"ELEICOES 2004";"PB";"20575";"20575";"JUNCO DO SERIDO";"26";"11";"PREFEITO";"4568";"12";"7";"4568";"12";"4054";"514";"3846";"48";"160";"0";"0";"03/10/2004";"18:44:08"
"25/02/2013";"10:37:03";"2004";"1";"ELEICOES 2004";"PB";"20575";"20575";"JUNCO DO SERIDO";"26";"13";"VEREADOR";"4568";"12";"7";"4568";"12";"4054";"514";"3641";"29";"138";"246";"0";"03/10/2004";"18:44:08"
"25/02/2013";"10:37:03";"2004";"1";"ELEICOES 2004";"PB";"20591";"20591";"JURIPIRANGA";"6";"11";"PREFEITO";"6667";"18";"11";"6667";"18";"6374";"293";"5867";"102";"405";"0";"0";"03/10/2004";"18:51:18"
"25/02/2013";"10:37:03";"2004";"1";"ELEICOES 2004";"PB";"20591";"20591";"JURIPIRANGA";"6";"13";"VEREADOR";"6667";"18";"11";"6667";"18";"6374";"293";"5332";"83";"260";"699";"0";"03/10/2004";"18:51:18"
"25/02/2013";"10:37:03";"2004";"1";"ELEICOES 2004";"PB";"20613";"20613";"JURU";"34";"11";"PREFEITO";"7479";"21";"3";"7479";"21";"5835";"1644";"5518";"35";"282";"0";"0";"03/10/2004";"20:23:31"
"25/02/2013";"10:37:03";"2004";"1";"ELEICOES 2004";"PB";"20613";"20613";"JURU";"34";"13";"VEREADOR";"7479";"21";"3";"7479";"21";"5835";"1644";"5072";"21";"228";"514";"0";"03/10/2004";"20:23:31"
"25/02/2013";"10:37:03";"2004";"1";"ELEICOES 2004";"PB";"20630";"20630";"LAGOA";"31";"11";"PREFEITO";"3721";"10";"7";"3721";"10";"3389";"332";"3201";"39";"149";"0";"0";"03/10/2004";"18:29:50"
"25/02/2013";"10:37:03";"2004";"1";"ELEICOES 2004";"PB";"20630";"20630";"LAGOA";"31";"13";"VEREADOR";"3721";"10";"7";"3721";"10";"3389";"332";"3012";"22";"106";"249";"0";"03/10/2004";"18:29:50"
"25/02/2013";"10:37:03";"2004";"1";"ELEICOES 2004";"PB";"20656";"20656";"LAGOA DE DENTRO";"60";"11";"PREFEITO";"5579";"16";"2";"5579";"16";"4904";"675";"4620";"64";"220";"0";"0";"03/10/2004";"19:33:42"
"25/02/2013";"10:37:03";"2004";"1";"ELEICOES 2004";"PB";"20656";"20656";"LAGOA DE DENTRO";"60";"13";"VEREADOR";"5579";"16";"2";"5579";"16";"4904";"675";"4314";"76";"214";"300";"0";"03/10/2004";"19:33:42"
"25/02/2013";"10:37:03";"2004";"1";"ELEICOES 2004";"PB";"20672";"20672";"LAGOA SECA";"71";"11";"PREFEITO";"15674";"49";"7";"15674";"49";"14413";"1261";"13391";"209";"813";"0";"0";"03/10/2004";"21:43:21"
"25/02/2013";"10:37:03";"2004";"1";"ELEICOES 2004";"PB";"20672";"20672";"LAGOA SECA";"71";"13";"VEREADOR";"15674";"49";"7";"15674";"49";"14413";"1261";"12784";"222";"405";"1002";"0";"03/10/2004";"21:43:21"
"25/02/2013";"10:37:03";"2004";"1";"ELEICOES 2004";"PB";"20699";"20699";"LASTRO";"63";"11";"PREFEITO";"2701";"9";"5";"2701";"9";"2627";"74";"2495";"16";"116";"0";"0";"04/10/2004";"00:49:31"
"25/02/2013";"10:37:03";"2004";"1";"ELEICOES 2004";"PB";"20699";"20699";"LASTRO";"63";"13";"VEREADOR";"2701";"9";"5";"2701";"9";"2627";"74";"2371";"17";"65";"174";"0";"04/10/2004";"00:49:31"
"25/02/2013";"10:37:03";"2004";"1";"ELEICOES 2004";"PB";"20710";"20710";"LIVRAMENTO";"27";"11";"PREFEITO";"4874";"13";"4";"4874";"13";"4329";"545";"4099";"41";"189";"0";"0";"03/10/2004";"19:36:24"
"25/02/2013";"10:37:03";"2004";"1";"ELEICOES 2004";"PB";"20710";"20710";"LIVRAMENTO";"27";"13";"VEREADOR";"4874";"13";"4";"4874";"13";"4329";"545";"3852";"51";"111";"315";"0";"03/10/2004";"19:36:24"
"25/02/2013";"10:37:03";"2004";"1";"ELEICOES 2004";"PB";"19160";"19160";"LOGRADOURO";"15";"11";"PREFEITO";"2707";"8";"3";"2707";"8";"2449";"258";"2345";"22";"82";"0";"0";"03/10/2004";"21:00:18"
"25/02/2013";"10:37:03";"2004";"1";"ELEICOES 2004";"PB";"19160";"19160";"LOGRADOURO";"15";"13";"VEREADOR";"2707";"8";"3";"2707";"8";"2449";"258";"2025";"20";"186";"218";"0";"03/10/2004";"21:00:18"
"25/02/2013";"10:37:03";"2004";"1";"ELEICOES 2004";"PB";"20737";"20737";"LUCENA";"2";"11";"PREFEITO";"8278";"24";"0";"8278";"24";"6965";"1313";"6504";"101";"360";"0";"0";"03/10/2004";"20:52:36"
"25/02/2013";"10:37:03";"2004";"1";"ELEICOES 2004";"PB";"20737";"20737";"LUCENA";"2";"13";"VEREADOR";"8278";"24";"0";"8278";"24";"6965";"1313";"6172";"88";"177";"528";"0";"03/10/2004";"20:52:36"
"25/02/2013";"10:37:03";"2004";"1";"ELEICOES 2004";"PB";"20753";"20753";"MAE D AGUA";"30";"11";"PREFEITO";"2913";"10";"12";"2913";"10";"2748";"165";"2566";"45";"137";"0";"0";"03/10/2004";"19:13:32"
"25/02/2013";"10:37:03";"2004";"1";"ELEICOES 2004";"PB";"20753";"20753";"MAE D AGUA";"30";"13";"VEREADOR";"2913";"10";"12";"2913";"10";"2748";"165";"2358";"24";"133";"233";"0";"03/10/2004";"19:13:32"
"25/02/2013";"10:37:03";"2004";"1";"ELEICOES 2004";"PB";"20770";"20770";"MALTA";"51";"11";"PREFEITO";"4523";"13";"11";"4523";"13";"3917";"606";"3691";"27";"199";"0";"0";"03/10/2004";"18:24:25"
"25/02/2013";"10:37:03";"2004";"1";"ELEICOES 2004";"PB";"20770";"20770";"MALTA";"51";"13";"VEREADOR";"4523";"13";"11";"4523";"13";"3917";"606";"3628";"29";"76";"184";"0";"03/10/2004";"18:24:25"
"25/02/2013";"10:37:03";"2004";"1";"ELEICOES 2004";"PB";"20796";"20796";"MAMANGUAPE";"7";"11";"PREFEITO";"27368";"82";"16";"27368";"82";"22408";"4960";"20521";"441";"1446";"0";"0";"03/10/2004";"21:52:04"
"25/02/2013";"10:37:03";"2004";"1";"ELEICOES 2004";"PB";"20796";"20796";"MAMANGUAPE";"7";"13";"VEREADOR";"27368";"82";"16";"27368";"82";"22408";"4960";"19478";"356";"866";"1708";"0";"03/10/2004";"21:52:04"
"25/02/2013";"10:37:03";"2004";"1";"ELEICOES 2004";"PB";"20818";"20818";"MANAIRA";"34";"11";"PREFEITO";"7773";"22";"2";"7773";"22";"6111";"1662";"5353";"138";"620";"0";"0";"03/10/2004";"22:01:07"
"25/02/2013";"10:37:03";"2004";"1";"ELEICOES 2004";"PB";"20818";"20818";"MANAIRA";"34";"13";"VEREADOR";"7773";"22";"2";"7773";"22";"6111";"1662";"5365";"43";"268";"435";"0";"03/10/2004";"22:01:07"
"25/02/2013";"10:37:03";"2004";"1";"ELEICOES 2004";"PB";"19968";"19968";"MARCACAO";"55";"11";"PREFEITO";"4425";"12";"1";"4425";"12";"3725";"700";"3486";"33";"206";"0";"0";"03/10/2004";"18:52:49"
"25/02/2013";"10:37:03";"2004";"1";"ELEICOES 2004";"PB";"19968";"19968";"MARCACAO";"55";"13";"VEREADOR";"4425";"12";"1";"4425";"12";"3725";"700";"3330";"37";"101";"257";"0";"03/10/2004";"18:52:49"
"25/02/2013";"10:37:03";"2004";"1";"ELEICOES 2004";"PB";"20834";"20834";"MARI";"4";"11";"PREFEITO";"13766";"41";"18";"13766";"41";"12061";"1705";"11149";"193";"719";"0";"0";"04/10/2004";"01:50:04"
"25/02/2013";"10:37:03";"2004";"1";"ELEICOES 2004";"PB";"20834";"20834";"MARI";"4";"13";"VEREADOR";"13766";"41";"18";"13766";"41";"12061";"1705";"10624";"200";"341";"896";"0";"04/10/2004";"01:50:04"
"25/02/2013";"10:37:03";"2004";"1";"ELEICOES 2004";"PB";"19461";"19461";"MARIZOPOLIS";"35";"11";"PREFEITO";"4848";"11";"6";"4848";"11";"4285";"563";"3934";"46";"305";"0";"0";"03/10/2004";"19:32:41"
"25/02/2013";"10:37:03";"2004";"1";"ELEICOES 2004";"PB";"19461";"19461";"MARIZOPOLIS";"35";"13";"VEREADOR";"4848";"11";"6";"4848";"11";"4285";"563";"3858";"36";"90";"301";"0";"03/10/2004";"19:32:41"
"25/02/2013";"10:37:03";"2004";"1";"ELEICOES 2004";"PB";"20850";"20850";"MASSARANDUBA";"16";"11";"PREFEITO";"8925";"26";"9";"8925";"26";"7571";"1354";"6843";"146";"582";"0";"0";"03/10/2004";"20:27:26"
"25/02/2013";"10:37:03";"2004";"1";"ELEICOES 2004";"PB";"20850";"20850";"MASSARANDUBA";"16";"13";"VEREADOR";"8925";"26";"9";"8925";"26";"7571";"1354";"6492";"107";"363";"609";"0";"03/10/2004";"20:27:26"
"25/02/2013";"10:37:03";"2004";"1";"ELEICOES 2004";"PB";"20877";"20877";"MATARACA";"7";"11";"PREFEITO";"5124";"15";"6";"5124";"15";"4585";"539";"4399";"34";"152";"0";"0";"03/10/2004";"19:42:40"
"25/02/2013";"10:37:03";"2004";"1";"ELEICOES 2004";"PB";"20877";"20877";"MATARACA";"7";"13";"VEREADOR";"5124";"15";"6";"5124";"15";"4585";"539";"4121";"27";"154";"283";"0";"03/10/2004";"19:42:40"
"25/02/2013";"10:37:03";"2004";"1";"ELEICOES 2004";"PB";"19143";"19143";"MATINHAS";"13";"11";"PREFEITO";"2974";"9";"2";"2974";"9";"2789";"185";"2516";"32";"241";"0";"0";"03/10/2004";"18:58:57"
"25/02/2013";"10:37:03";"2004";"1";"ELEICOES 2004";"PB";"19143";"19143";"MATINHAS";"13";"13";"VEREADOR";"2974";"9";"2";"2974";"9";"2789";"185";"2413";"23";"134";"219";"0";"03/10/2004";"18:58:57"
"25/02/2013";"10:37:03";"2004";"1";"ELEICOES 2004";"PB";"19488";"19488";"MATO GROSSO";"36";"11";"PREFEITO";"1980";"6";"0";"1980";"6";"1825";"155";"1608";"87";"130";"0";"0";"03/10/2004";"19:29:59"
"25/02/2013";"10:37:03";"2004";"1";"ELEICOES 2004";"PB";"19488";"19488";"MATO GROSSO";"36";"13";"VEREADOR";"1980";"6";"0";"1980";"6";"1825";"155";"1682";"3";"52";"88";"0";"03/10/2004";"19:29:59"
"25/02/2013";"10:37:03";"2004";"1";"ELEICOES 2004";"PB";"19984";"19984";"MATUREIA";"30";"11";"PREFEITO";"3690";"12";"2";"3690";"12";"3425";"265";"3171";"45";"209";"0";"0";"03/10/2004";"18:38:52"
"25/02/2013";"10:37:03";"2004";"1";"ELEICOES 2004";"PB";"19984";"19984";"MATUREIA";"30";"13";"VEREADOR";"3690";"12";"2";"3690";"12";"3425";"265";"2973";"28";"167";"257";"0";"03/10/2004";"18:38:52"
"25/02/2013";"10:37:03";"2004";"1";"ELEICOES 2004";"PB";"20893";"20893";"MOGEIRO";"6";"11";"PREFEITO";"9484";"29";"0";"9484";"29";"7266";"2218";"5523";"130";"1613";"0";"0";"03/10/2004";"19:14:54"
"25/02/2013";"10:37:03";"2004";"1";"ELEICOES 2004";"PB";"20893";"20893";"MOGEIRO";"6";"13";"VEREADOR";"9484";"29";"0";"9484";"29";"7266";"2218";"5850";"102";"619";"695";"0";"03/10/2004";"19:14:54"
"25/02/2013";"10:37:03";"2004";"1";"ELEICOES 2004";"PB";"20915";"20915";"MONTADAS";"19";"11";"PREFEITO";"3302";"9";"0";"3302";"9";"2844";"458";"2645";"42";"157";"0";"0";"03/10/2004";"18:26:44"
"25/02/2013";"10:37:03";"2004";"1";"ELEICOES 2004";"PB";"20915";"20915";"MONTADAS";"19";"13";"VEREADOR";"3302";"9";"0";"3302";"9";"2844";"458";"2390";"40";"180";"234";"0";"03/10/2004";"18:26:44"
"25/02/2013";"10:37:03";"2004";"1";"ELEICOES 2004";"PB";"20931";"20931";"MONTE HOREBE";"39";"11";"PREFEITO";"3378";"12";"1";"3378";"12";"2818";"560";"2528";"33";"257";"0";"0";"03/10/2004";"19:18:17"
"25/02/2013";"10:37:03";"2004";"1";"ELEICOES 2004";"PB";"20931";"20931";"MONTE HOREBE";"39";"13";"VEREADOR";"3378";"12";"1";"3378";"12";"2818";"560";"2493";"29";"72";"224";"0";"03/10/2004";"19:18:17"
"25/02/2013";"10:37:03";"2004";"1";"ELEICOES 2004";"PB";"20958";"20958";"MONTEIRO";"29";"11";"PREFEITO";"20549";"79";"2";"20549";"79";"18294";"2255";"17017";"205";"1072";"0";"0";"03/10/2004";"18:58:56"
"25/02/2013";"10:37:03";"2004";"1";"ELEICOES 2004";"PB";"20958";"20958";"MONTEIRO";"29";"13";"VEREADOR";"20549";"79";"2";"20549";"79";"18294";"2255";"16439";"217";"356";"1282";"0";"03/10/2004";"18:58:56"
"25/02/2013";"10:37:03";"2004";"1";"ELEICOES 2004";"PB";"20974";"20974";"MULUNGU";"46";"11";"PREFEITO";"7584";"20";"13";"7584";"20";"6815";"769";"6539";"59";"217";"0";"0";"03/10/2004";"19:01:15"
"25/02/2013";"10:37:03";"2004";"1";"ELEICOES 2004";"PB";"20974";"20974";"MULUNGU";"46";"13";"VEREADOR";"7584";"20";"13";"7584";"20";"6815";"769";"6264";"42";"129";"380";"0";"03/10/2004";"19:01:15"
"25/02/2013";"10:37:03";"2004";"1";"ELEICOES 2004";"PB";"20990";"20990";"NATUBA";"18";"11";"PREFEITO";"6150";"18";"7";"6150";"18";"5373";"777";"4832";"79";"462";"0";"0";"03/10/2004";"20:12:08"
"25/02/2013";"10:37:03";"2004";"1";"ELEICOES 2004";"PB";"20990";"20990";"NATUBA";"18";"13";"VEREADOR";"6150";"18";"7";"6150";"18";"5373";"777";"4412";"93";"247";"621";"0";"03/10/2004";"20:12:08"
"25/02/2013";"10:37:03";"2004";"1";"ELEICOES 2004";"PB";"21016";"21016";"NAZAREZINHO";"63";"11";"PREFEITO";"5901";"18";"8";"5901";"18";"5215";"686";"4932";"46";"237";"0";"0";"03/10/2004";"19:32:47"
"25/02/2013";"10:37:03";"2004";"1";"ELEICOES 2004";"PB";"21016";"21016";"NAZAREZINHO";"63";"13";"VEREADOR";"5901";"18";"8";"5901";"18";"5215";"686";"4448";"50";"268";"449";"0";"03/10/2004";"19:32:47"
"25/02/2013";"10:37:03";"2004";"1";"ELEICOES 2004";"PB";"21032";"21032";"NOVA FLORESTA";"24";"11";"PREFEITO";"6394";"25";"0";"6394";"25";"5683";"711";"5313";"66";"304";"0";"0";"04/10/2004";"02:30:25"
"25/02/2013";"10:37:03";"2004";"1";"ELEICOES 2004";"PB";"21032";"21032";"NOVA FLORESTA";"24";"13";"VEREADOR";"6394";"25";"0";"6394";"25";"5683";"711";"4742";"46";"274";"621";"0";"23/11/2004";"17:41:37"
"25/02/2013";"10:37:03";"2004";"1";"ELEICOES 2004";"PB";"21059";"21059";"NOVA OLINDA";"66";"11";"PREFEITO";"4104";"11";"8";"4104";"11";"3831";"273";"3575";"57";"199";"0";"0";"03/10/2004";"23:17:32"
"25/02/2013";"10:37:03";"2004";"1";"ELEICOES 2004";"PB";"21059";"21059";"NOVA OLINDA";"66";"13";"VEREADOR";"4104";"11";"8";"4104";"11";"3831";"273";"3300";"121";"158";"252";"0";"03/10/2004";"23:17:32"
"25/02/2013";"10:37:03";"2004";"1";"ELEICOES 2004";"PB";"21075";"21075";"NOVA PALMEIRA";"25";"11";"PREFEITO";"2870";"10";"0";"2870";"10";"2683";"187";"2528";"19";"136";"0";"0";"03/10/2004";"18:31:35"
"25/02/2013";"10:37:03";"2004";"1";"ELEICOES 2004";"PB";"21075";"21075";"NOVA PALMEIRA";"25";"13";"VEREADOR";"2870";"10";"0";"2870";"10";"2683";"187";"2363";"19";"115";"186";"0";"03/10/2004";"18:31:35"
"25/02/2013";"10:37:03";"2004";"1";"ELEICOES 2004";"PB";"21091";"21091";"OLHO D AGUA";"32";"11";"PREFEITO";"5745";"19";"5";"5745";"19";"5426";"319";"3086";"1102";"1238";"0";"0";"03/10/2004";"22:26:05"
"25/02/2013";"10:37:03";"2004";"1";"ELEICOES 2004";"PB";"21091";"21091";"OLHO D AGUA";"32";"13";"VEREADOR";"5745";"19";"5";"5745";"19";"5426";"319";"4717";"77";"219";"413";"0";"03/10/2004";"22:26:05"
"25/02/2013";"10:37:03";"2004";"1";"ELEICOES 2004";"PB";"21113";"21113";"OLIVEDOS";"23";"11";"PREFEITO";"2636";"10";"6";"2636";"10";"2554";"82";"2456";"30";"68";"0";"0";"03/10/2004";"20:17:39"
"25/02/2013";"10:37:03";"2004";"1";"ELEICOES 2004";"PB";"21113";"21113";"OLIVEDOS";"23";"13";"VEREADOR";"2636";"10";"6";"2636";"10";"2554";"82";"2332";"13";"64";"145";"0";"03/10/2004";"20:17:39"
"25/02/2013";"10:37:03";"2004";"1";"ELEICOES 2004";"PB";"21130";"21130";"OURO VELHO";"74";"11";"PREFEITO";"2359";"8";"4";"2359";"8";"2240";"119";"2176";"8";"56";"0";"0";"03/10/2004";"17:52:01"
"25/02/2013";"10:37:03";"2004";"1";"ELEICOES 2004";"PB";"21130";"21130";"OURO VELHO";"74";"13";"VEREADOR";"2359";"8";"4";"2359";"8";"2240";"119";"2086";"6";"38";"110";"0";"03/10/2004";"17:52:01"
"25/02/2013";"10:37:03";"2004";"1";"ELEICOES 2004";"PB";"19720";"19720";"PARARI";"58";"11";"PREFEITO";"1388";"6";"2";"1388";"6";"1320";"68";"1253";"6";"61";"0";"0";"03/10/2004";"18:45:53"
"25/02/2013";"10:37:03";"2004";"1";"ELEICOES 2004";"PB";"19720";"19720";"PARARI";"58";"13";"VEREADOR";"1388";"6";"2";"1388";"6";"1320";"68";"1203";"4";"47";"66";"0";"03/10/2004";"18:45:53"
"25/02/2013";"10:37:03";"2004";"1";"ELEICOES 2004";"PB";"21156";"21156";"PASSAGEM";"65";"11";"PREFEITO";"1851";"6";"3";"1851";"6";"1674";"177";"1600";"14";"60";"0";"0";"03/10/2004";"19:47:56"
"25/02/2013";"10:37:03";"2004";"1";"ELEICOES 2004";"PB";"21156";"21156";"PASSAGEM";"65";"13";"VEREADOR";"1851";"6";"3";"1851";"6";"1674";"177";"1535";"7";"26";"106";"0";"03/10/2004";"19:47:56"
"25/02/2013";"10:37:03";"2004";"1";"ELEICOES 2004";"PB";"21172";"21172";"PATOS";"28";"11";"PREFEITO";"30593";"90";"12";"30593";"90";"25822";"4771";"24145";"338";"1339";"0";"0";"03/10/2004";"21:08:34"
"25/02/2013";"10:37:03";"2004";"1";"ELEICOES 2004";"PB";"21172";"21172";"PATOS";"28";"13";"VEREADOR";"30593";"90";"12";"30593";"90";"25822";"4771";"22824";"460";"532";"2006";"0";"03/10/2004";"21:08:34"
"25/02/2013";"10:37:03";"2004";"1";"ELEICOES 2004";"PB";"21172";"21172";"PATOS";"65";"11";"PREFEITO";"30292";"82";"16";"30292";"82";"25574";"4718";"24204";"314";"1056";"0";"0";"04/10/2004";"03:00:37"
"25/02/2013";"10:37:03";"2004";"1";"ELEICOES 2004";"PB";"21172";"21172";"PATOS";"65";"13";"VEREADOR";"30292";"82";"16";"30292";"82";"25574";"4718";"22940";"438";"428";"1768";"0";"04/10/2004";"03:00:37"
"25/02/2013";"10:37:03";"2004";"1";"ELEICOES 2004";"PB";"21199";"21199";"PAULISTA";"31";"11";"PREFEITO";"8567";"26";"3";"8567";"26";"7870";"697";"7523";"62";"285";"0";"0";"03/10/2004";"20:06:14"
"25/02/2013";"10:37:03";"2004";"1";"ELEICOES 2004";"PB";"21199";"21199";"PAULISTA";"31";"13";"VEREADOR";"8567";"26";"3";"8567";"26";"7870";"697";"6901";"67";"262";"640";"0";"03/10/2004";"20:06:14"
"25/02/2013";"10:37:03";"2004";"1";"ELEICOES 2004";"PB";"21210";"21210";"PEDRA BRANCA";"33";"11";"PREFEITO";"3049";"10";"2";"3049";"10";"2738";"311";"2635";"15";"88";"0";"0";"03/10/2004";"19:09:11"
"25/02/2013";"10:37:03";"2004";"1";"ELEICOES 2004";"PB";"21210";"21210";"PEDRA BRANCA";"33";"13";"VEREADOR";"3049";"10";"2";"3049";"10";"2738";"311";"2448";"12";"101";"177";"0";"03/10/2004";"19:09:11"
"25/02/2013";"10:37:03";"2004";"1";"ELEICOES 2004";"PB";"21237";"21237";"PEDRA LAVRADA";"25";"11";"PREFEITO";"5146";"13";"8";"5146";"13";"4931";"215";"4618";"50";"263";"0";"0";"03/10/2004";"23:02:47"
"25/02/2013";"10:37:03";"2004";"1";"ELEICOES 2004";"PB";"21237";"21237";"PEDRA LAVRADA";"25";"13";"VEREADOR";"5146";"13";"8";"5146";"13";"4931";"215";"4370";"42";"143";"376";"0";"03/10/2004";"23:02:47"
"25/02/2013";"10:37:03";"2004";"1";"ELEICOES 2004";"PB";"21253";"21253";"PEDRAS DE FOGO";"44";"11";"PREFEITO";"20309";"65";"11";"20309";"65";"16507";"3802";"15148";"329";"1030";"0";"0";"03/10/2004";"18:41:40"
"25/02/2013";"10:37:03";"2004";"1";"ELEICOES 2004";"PB";"21253";"21253";"PEDRAS DE FOGO";"44";"13";"VEREADOR";"20309";"65";"11";"20309";"65";"16507";"3802";"13947";"286";"620";"1654";"0";"03/10/2004";"18:41:40"
"25/02/2013";"10:37:03";"2004";"1";"ELEICOES 2004";"PB";"19747";"19747";"PEDRO REGIS";"60";"11";"PREFEITO";"3719";"11";"0";"3719";"11";"3180";"539";"2971";"32";"177";"0";"0";"03/10/2004";"19:08:44"
"25/02/2013";"10:37:03";"2004";"1";"ELEICOES 2004";"PB";"19747";"19747";"PEDRO REGIS";"60";"13";"VEREADOR";"3719";"11";"0";"3719";"11";"3180";"539";"2706";"25";"136";"313";"0";"03/10/2004";"19:08:44"
"25/02/2013";"10:37:03";"2004";"1";"ELEICOES 2004";"PB";"21270";"21270";"PIANCO";"32";"11";"PREFEITO";"11408";"37";"5";"11408";"37";"10030";"1378";"9387";"90";"553";"0";"0";"03/10/2004";"18:31:09"
"25/02/2013";"10:37:03";"2004";"1";"ELEICOES 2004";"PB";"21270";"21270";"PIANCO";"32";"13";"VEREADOR";"11408";"37";"5";"11408";"37";"10030";"1378";"8882";"94";"278";"776";"0";"03/10/2004";"18:31:09"
"25/02/2013";"10:37:03";"2004";"1";"ELEICOES 2004";"PB";"21296";"21296";"PICUI";"25";"11";"PREFEITO";"13118";"40";"9";"13118";"40";"11498";"1620";"10697";"132";"669";"0";"0";"04/10/2004";"02:51:40"
"25/02/2013";"10:37:03";"2004";"1";"ELEICOES 2004";"PB";"21296";"21296";"PICUI";"25";"13";"VEREADOR";"13118";"40";"9";"13118";"40";"11498";"1620";"10156";"129";"327";"886";"0";"04/10/2004";"02:51:40"
"25/02/2013";"10:37:03";"2004";"1";"ELEICOES 2004";"PB";"21318";"21318";"PILAR";"5";"11";"PREFEITO";"7720";"22";"2";"7720";"22";"7006";"714";"6471";"73";"462";"0";"0";"03/10/2004";"19:13:50"
"25/02/2013";"10:37:03";"2004";"1";"ELEICOES 2004";"PB";"21318";"21318";"PILAR";"5";"13";"VEREADOR";"7720";"22";"2";"7720";"22";"7006";"714";"6143";"65";"274";"524";"0";"03/10/2004";"19:13:50"
"25/02/2013";"10:37:03";"2004";"1";"ELEICOES 2004";"PB";"21334";"21334";"PILOES";"45";"11";"PREFEITO";"5684";"16";"8";"5684";"16";"5026";"658";"4549";"100";"377";"0";"0";"03/10/2004";"19:26:22"
"25/02/2013";"10:37:03";"2004";"1";"ELEICOES 2004";"PB";"21334";"21334";"PILOES";"45";"13";"VEREADOR";"5684";"16";"8";"5684";"16";"5026";"658";"4264";"65";"202";"495";"0";"03/10/2004";"19:26:22"
"25/02/2013";"10:37:03";"2004";"1";"ELEICOES 2004";"PB";"21350";"21350";"PILOEZINHOS";"10";"11";"PREFEITO";"4446";"13";"5";"4446";"13";"3880";"566";"3696";"40";"144";"0";"0";"03/10/2004";"19:27:46"
"25/02/2013";"10:37:03";"2004";"1";"ELEICOES 2004";"PB";"21350";"21350";"PILOEZINHOS";"10";"13";"VEREADOR";"4446";"13";"5";"4446";"13";"3880";"566";"3280";"44";"155";"401";"0";"03/10/2004";"19:27:46"
"25/02/2013";"10:37:03";"2004";"1";"ELEICOES 2004";"PB";"21377";"21377";"PIRPIRITUBA";"47";"11";"PREFEITO";"6887";"17";"25";"6887";"17";"5875";"1012";"5374";"100";"401";"0";"0";"03/10/2004";"19:01:18"
"25/02/2013";"10:37:03";"2004";"1";"ELEICOES 2004";"PB";"21377";"21377";"PIRPIRITUBA";"47";"13";"VEREADOR";"6887";"17";"25";"6887";"17";"5875";"1012";"5068";"103";"165";"539";"0";"03/10/2004";"19:01:18"
"25/02/2013";"10:37:03";"2004";"1";"ELEICOES 2004";"PB";"21393";"21393";"PITIMBU";"73";"11";"PREFEITO";"7859";"21";"0";"7859";"21";"6842";"1017";"6351";"90";"401";"0";"0";"03/10/2004";"21:53:35"
"25/02/2013";"10:37:03";"2004";"1";"ELEICOES 2004";"PB";"21393";"21393";"PITIMBU";"73";"13";"VEREADOR";"7859";"21";"0";"7859";"21";"6842";"1017";"6111";"74";"166";"491";"0";"03/10/2004";"21:53:35"
"25/02/2013";"10:37:03";"2004";"1";"ELEICOES 2004";"PB";"21415";"21415";"POCINHOS";"50";"11";"PREFEITO";"11450";"41";"0";"11450";"41";"10322";"1128";"9817";"133";"372";"0";"0";"03/10/2004";"19:21:02"
"25/02/2013";"10:37:03";"2004";"1";"ELEICOES 2004";"PB";"21415";"21415";"POCINHOS";"50";"13";"VEREADOR";"11450";"41";"0";"11450";"41";"10322";"1128";"9036";"118";"391";"777";"0";"03/10/2004";"19:21:02"
"25/02/2013";"10:37:03";"2004";"1";"ELEICOES 2004";"PB";"19640";"19640";"POCO DANTAS";"53";"11";"PREFEITO";"2701";"8";"5";"2701";"8";"2386";"315";"2270";"13";"103";"0";"0";"03/10/2004";"21:04:57"
"25/02/2013";"10:37:03";"2004";"1";"ELEICOES 2004";"PB";"19640";"19640";"POCO DANTAS";"53";"13";"VEREADOR";"2701";"8";"5";"2701";"8";"2386";"315";"2152";"8";"63";"163";"0";"03/10/2004";"21:04:57"
"25/02/2013";"10:37:03";"2004";"1";"ELEICOES 2004";"PB";"19526";"19526";"POCO DE JOSE DE MOURA";"37";"11";"PREFEITO";"3245";"12";"4";"3245";"12";"3104";"141";"2937";"28";"139";"0";"0";"03/10/2004";"20:08:48"
"25/02/2013";"10:37:03";"2004";"1";"ELEICOES 2004";"PB";"19526";"19526";"POCO DE JOSE DE MOURA";"37";"13";"VEREADOR";"3245";"12";"4";"3245";"12";"3104";"141";"2794";"20";"86";"204";"0";"03/10/2004";"20:08:48"
"25/02/2013";"10:37:03";"2004";"1";"ELEICOES 2004";"PB";"21431";"21431";"POMBAL";"31";"11";"PREFEITO";"21384";"64";"16";"21384";"64";"18949";"2435";"17566";"208";"1175";"0";"0";"03/10/2004";"19:30:51"
"25/02/2013";"10:37:03";"2004";"1";"ELEICOES 2004";"PB";"21431";"21431";"POMBAL";"31";"13";"VEREADOR";"21384";"64";"16";"21384";"64";"18949";"2435";"16581";"278";"656";"1434";"0";"03/10/2004";"19:30:51"
"25/02/2013";"10:37:03";"2004";"1";"ELEICOES 2004";"PB";"21458";"21458";"PRATA";"74";"11";"PREFEITO";"2981";"12";"0";"2981";"12";"2847";"134";"2729";"11";"107";"0";"0";"03/10/2004";"17:59:07"
"25/02/2013";"10:37:03";"2004";"1";"ELEICOES 2004";"PB";"21458";"21458";"PRATA";"74";"13";"VEREADOR";"2981";"12";"0";"2981";"12";"2847";"134";"2644";"15";"40";"148";"0";"03/10/2004";"17:59:07"
"25/02/2013";"10:37:03";"2004";"1";"ELEICOES 2004";"PB";"21474";"21474";"PRINCESA ISABEL";"34";"11";"PREFEITO";"12800";"37";"4";"12800";"37";"10879";"1921";"10314";"100";"465";"0";"0";"04/10/2004";"00:36:54"
"25/02/2013";"10:37:03";"2004";"1";"ELEICOES 2004";"PB";"21474";"21474";"PRINCESA ISABEL";"34";"13";"VEREADOR";"12800";"37";"4";"12800";"37";"10879";"1921";"9402";"91";"372";"1014";"0";"04/10/2004";"00:36:54"
"25/02/2013";"10:37:03";"2004";"1";"ELEICOES 2004";"PB";"21490";"21490";"PUXINANA";"50";"11";"PREFEITO";"8518";"24";"8";"8518";"24";"7814";"704";"7343";"118";"353";"0";"0";"03/10/2004";"19:05:01"
"25/02/2013";"10:37:03";"2004";"1";"ELEICOES 2004";"PB";"21490";"21490";"PUXINANA";"50";"13";"VEREADOR";"8518";"24";"8";"8518";"24";"7814";"704";"6693";"119";"289";"713";"0";"03/10/2004";"19:05:01"
"25/02/2013";"10:37:03";"2004";"1";"ELEICOES 2004";"PB";"21512";"21512";"QUEIMADAS";"59";"11";"PREFEITO";"26258";"67";"30";"26258";"67";"22180";"4078";"20274";"366";"1540";"0";"0";"03/10/2004";"20:07:10"
"25/02/2013";"10:37:03";"2004";"1";"ELEICOES 2004";"PB";"21512";"21512";"QUEIMADAS";"59";"13";"VEREADOR";"26258";"67";"30";"26258";"67";"22180";"4078";"19576";"293";"703";"1608";"0";"03/10/2004";"20:07:10"
"25/02/2013";"10:37:03";"2004";"1";"ELEICOES 2004";"PB";"21539";"21539";"QUIXABA";"28";"11";"PREFEITO";"1315";"4";"6";"1315";"4";"1283";"32";"1226";"11";"46";"0";"0";"03/10/2004";"19:34:52"
"25/02/2013";"10:37:03";"2004";"1";"ELEICOES 2004";"PB";"21539";"21539";"QUIXABA";"28";"13";"VEREADOR";"1315";"4";"6";"1315";"4";"1283";"32";"1178";"12";"27";"66";"0";"03/10/2004";"19:34:52"
"25/02/2013";"10:37:03";"2004";"1";"ELEICOES 2004";"PB";"21555";"21555";"REMIGIO";"67";"11";"PREFEITO";"11110";"39";"0";"11110";"39";"9640";"1470";"9017";"107";"516";"0";"0";"03/10/2004";"22:10:19"
"25/02/2013";"10:37:03";"2004";"1";"ELEICOES 2004";"PB";"21555";"21555";"REMIGIO";"67";"13";"VEREADOR";"11110";"39";"0";"11110";"39";"9640";"1470";"8441";"123";"242";"834";"0";"03/10/2004";"22:10:19"
"25/02/2013";"10:37:03";"2004";"1";"ELEICOES 2004";"PB";"19208";"19208";"RIACHAO";"20";"11";"PREFEITO";"2208";"7";"0";"2208";"7";"2093";"115";"1961";"30";"102";"0";"0";"03/10/2004";"18:36:53"
"25/02/2013";"10:37:03";"2004";"1";"ELEICOES 2004";"PB";"19208";"19208";"RIACHAO";"20";"13";"VEREADOR";"2208";"7";"0";"2208";"7";"2093";"115";"1887";"12";"93";"101";"0";"03/10/2004";"18:36:53"
"25/02/2013";"10:37:03";"2004";"1";"ELEICOES 2004";"PB";"19127";"19127";"RIACHAO DO BACAMARTE";"8";"11";"PREFEITO";"2993";"9";"0";"2993";"9";"2814";"179";"2631";"32";"151";"0";"0";"03/10/2004";"19:01:50"
"25/02/2013";"10:37:03";"2004";"1";"ELEICOES 2004";"PB";"19127";"19127";"RIACHAO DO BACAMARTE";"8";"13";"VEREADOR";"2993";"9";"0";"2993";"9";"2814";"179";"2502";"31";"111";"170";"0";"03/10/2004";"19:01:50"
"25/02/2013";"10:37:03";"2004";"1";"ELEICOES 2004";"PB";"19003";"19003";"RIACHAO DO POCO";"4";"11";"PREFEITO";"2992";"10";"0";"2992";"10";"2865";"127";"2754";"21";"90";"0";"0";"03/10/2004";"19:47:21"
"25/02/2013";"10:37:03";"2004";"1";"ELEICOES 2004";"PB";"19003";"19003";"RIACHAO DO POCO";"4";"13";"VEREADOR";"2992";"10";"0";"2992";"10";"2865";"127";"2566";"21";"90";"188";"0";"03/10/2004";"19:47:21"
"25/02/2013";"10:37:03";"2004";"1";"ELEICOES 2004";"PB";"19828";"19828";"RIACHO DE SANTO ANTONIO";"62";"11";"PREFEITO";"1312";"6";"0";"1312";"6";"1280";"32";"1227";"13";"40";"0";"0";"03/10/2004";"19:46:58"
"25/02/2013";"10:37:03";"2004";"1";"ELEICOES 2004";"PB";"19828";"19828";"RIACHO DE SANTO ANTONIO";"62";"13";"VEREADOR";"1312";"6";"0";"1312";"6";"1280";"32";"1182";"5";"30";"63";"0";"03/10/2004";"19:46:58"
"25/02/2013";"10:37:03";"2004";"1";"ELEICOES 2004";"PB";"21571";"21571";"RIACHO DOS CAVALOS";"36";"11";"PREFEITO";"6368";"20";"5";"6368";"20";"5983";"385";"5687";"42";"254";"0";"0";"03/10/2004";"19:50:21"
"25/02/2013";"10:37:03";"2004";"1";"ELEICOES 2004";"PB";"21571";"21571";"RIACHO DOS CAVALOS";"36";"13";"VEREADOR";"6368";"20";"5";"6368";"20";"5983";"385";"5396";"35";"167";"385";"0";"03/10/2004";"19:50:21"
"25/02/2013";"10:37:03";"2004";"1";"ELEICOES 2004";"PB";"21598";"21598";"RIO TINTO";"55";"11";"PREFEITO";"16755";"51";"13";"16755";"51";"13536";"3219";"12638";"197";"701";"0";"0";"03/10/2004";"19:03:19"
"25/02/2013";"10:37:03";"2004";"1";"ELEICOES 2004";"PB";"21598";"21598";"RIO TINTO";"55";"13";"VEREADOR";"16755";"51";"13";"16755";"51";"13536";"3219";"12054";"188";"380";"914";"0";"03/10/2004";"19:03:19"
"25/02/2013";"10:37:03";"2004";"1";"ELEICOES 2004";"PB";"21610";"21610";"SALGADINHO";"65";"11";"PREFEITO";"2370";"7";"2";"2370";"7";"2116";"254";"2002";"17";"97";"0";"0";"03/10/2004";"19:56:13"
"25/02/2013";"10:37:03";"2004";"1";"ELEICOES 2004";"PB";"21610";"21610";"SALGADINHO";"65";"13";"VEREADOR";"2370";"7";"2";"2370";"7";"2116";"254";"1916";"16";"73";"111";"0";"03/10/2004";"19:56:13"
"25/02/2013";"10:37:03";"2004";"1";"ELEICOES 2004";"PB";"21636";"21636";"SALGADO DE SAO FELIX";"6";"11";"PREFEITO";"9220";"28";"9";"9220";"28";"7228";"1992";"6645";"107";"476";"0";"0";"03/10/2004";"19:20:45"
"25/02/2013";"10:37:03";"2004";"1";"ELEICOES 2004";"PB";"21636";"21636";"SALGADO DE SAO FELIX";"6";"13";"VEREADOR";"9220";"28";"9";"9220";"28";"7228";"1992";"6229";"98";"290";"611";"0";"03/10/2004";"19:20:45"
"25/02/2013";"10:37:03";"2004";"1";"ELEICOES 2004";"PB";"20001";"20001";"SANTA CECILIA DE UMBUZEIRO";"18";"11";"PREFEITO";"5255";"14";"3";"5255";"14";"4354";"901";"4060";"40";"254";"0";"0";"03/10/2004";"19:58:15"
"25/02/2013";"10:37:03";"2004";"1";"ELEICOES 2004";"PB";"20001";"20001";"SANTA CECILIA DE UMBUZEIRO";"18";"13";"VEREADOR";"5255";"14";"3";"5255";"14";"4354";"901";"3958";"30";"105";"261";"0";"03/10/2004";"19:58:15"
"25/02/2013";"10:37:03";"2004";"1";"ELEICOES 2004";"PB";"21652";"21652";"SANTA CRUZ";"63";"11";"PREFEITO";"4898";"17";"9";"4898";"17";"4736";"162";"4527";"27";"182";"0";"0";"03/10/2004";"19:44:05"
"25/02/2013";"10:37:03";"2004";"1";"ELEICOES 2004";"PB";"21652";"21652";"SANTA CRUZ";"63";"13";"VEREADOR";"4898";"17";"9";"4898";"17";"4736";"162";"4206";"34";"152";"344";"0";"26/10/2004";"15:50:28"
"25/02/2013";"10:37:03";"2004";"1";"ELEICOES 2004";"PB";"21679";"21679";"SANTA HELENA";"37";"11";"PREFEITO";"4601";"13";"8";"4601";"13";"4079";"522";"3824";"32";"223";"0";"0";"03/10/2004";"20:39:17"
"25/02/2013";"10:37:03";"2004";"1";"ELEICOES 2004";"PB";"21679";"21679";"SANTA HELENA";"37";"13";"VEREADOR";"4601";"13";"8";"4601";"13";"4079";"522";"3619";"39";"151";"270";"0";"03/10/2004";"20:39:17"
"25/02/2013";"10:37:03";"2004";"1";"ELEICOES 2004";"PB";"19569";"19569";"SANTA INES";"41";"11";"PREFEITO";"3083";"10";"0";"3083";"10";"2837";"246";"2579";"32";"226";"0";"0";"03/10/2004";"18:52:45"
"25/02/2013";"10:37:03";"2004";"1";"ELEICOES 2004";"PB";"19569";"19569";"SANTA INES";"41";"13";"VEREADOR";"3083";"10";"0";"3083";"10";"2837";"246";"2475";"29";"129";"204";"0";"03/10/2004";"18:52:45"
"25/02/2013";"10:37:03";"2004";"1";"ELEICOES 2004";"PB";"21695";"21695";"SANTA LUZIA";"26";"11";"PREFEITO";"10879";"33";"4";"10879";"33";"9530";"1349";"8843";"118";"569";"0";"0";"03/10/2004";"18:06:17"
"25/02/2013";"10:37:03";"2004";"1";"ELEICOES 2004";"PB";"21695";"21695";"SANTA LUZIA";"26";"13";"VEREADOR";"10879";"33";"4";"10879";"33";"9530";"1349";"8317";"166";"305";"742";"0";"03/10/2004";"18:06:17"
"25/02/2013";"10:37:03";"2004";"1";"ELEICOES 2004";"PB";"21750";"21750";"SANTA RITA";"2";"11";"PREFEITO";"76922";"214";"53";"76922";"214";"66081";"10841";"60223";"1660";"4198";"0";"0";"04/10/2004";"02:50:46"
"25/02/2013";"10:37:03";"2004";"1";"ELEICOES 2004";"PB";"21750";"21750";"SANTA RITA";"2";"13";"VEREADOR";"76922";"214";"53";"76922";"214";"66081";"10841";"57964";"1339";"1830";"4948";"0";"04/10/2004";"02:55:13"
"25/02/2013";"10:37:03";"2004";"1";"ELEICOES 2004";"PB";"21776";"21776";"SANTA TERESINHA";"65";"11";"PREFEITO";"3704";"9";"10";"3704";"9";"3541";"163";"3414";"37";"90";"0";"0";"03/10/2004";"19:35:10"
"25/02/2013";"10:37:03";"2004";"1";"ELEICOES 2004";"PB";"21776";"21776";"SANTA TERESINHA";"65";"13";"VEREADOR";"3704";"9";"10";"3704";"9";"3541";"163";"3129";"21";"110";"281";"0";"03/10/2004";"19:35:10"
"25/02/2013";"10:37:03";"2004";"1";"ELEICOES 2004";"PB";"21717";"21717";"SANTANA DE MANGUEIRA";"41";"11";"PREFEITO";"4269";"11";"16";"4269";"11";"3796";"473";"3415";"30";"351";"0";"0";"03/10/2004";"19:06:07"
"25/02/2013";"10:37:03";"2004";"1";"ELEICOES 2004";"PB";"21717";"21717";"SANTANA DE MANGUEIRA";"41";"13";"VEREADOR";"4269";"11";"16";"4269";"11";"3796";"473";"3273";"23";"216";"284";"0";"03/10/2004";"19:06:07"
"25/02/2013";"10:37:03";"2004";"1";"ELEICOES 2004";"PB";"21733";"21733";"SANTANA DOS GARROTES";"66";"11";"PREFEITO";"5861";"18";"6";"5861";"18";"5192";"669";"4846";"39";"307";"0";"0";"03/10/2004";"20:03:37"
"25/02/2013";"10:37:03";"2004";"1";"ELEICOES 2004";"PB";"21733";"21733";"SANTANA DOS GARROTES";"66";"13";"VEREADOR";"5861";"18";"6";"5861";"18";"5192";"669";"4608";"33";"220";"331";"0";"03/10/2004";"20:03:37"
"25/02/2013";"10:37:03";"2004";"1";"ELEICOES 2004";"PB";"19666";"19666";"SANTAREM";"53";"11";"PREFEITO";"1884";"6";"4";"1884";"6";"1786";"98";"1523";"104";"159";"0";"0";"03/10/2004";"19:51:00"
"25/02/2013";"10:37:03";"2004";"1";"ELEICOES 2004";"PB";"19666";"19666";"SANTAREM";"53";"13";"VEREADOR";"1884";"6";"4";"1884";"6";"1786";"98";"1632";"11";"61";"82";"0";"03/10/2004";"19:51:00"
"25/02/2013";"10:37:03";"2004";"1";"ELEICOES 2004";"PB";"19267";"19267";"SANTO ANDRE";"56";"11";"PREFEITO";"2213";"8";"1";"2213";"8";"2045";"168";"1921";"16";"108";"0";"0";"03/10/2004";"18:49:25"
"25/02/2013";"10:37:03";"2004";"1";"ELEICOES 2004";"PB";"19267";"19267";"SANTO ANDRE";"56";"13";"VEREADOR";"2213";"8";"1";"2213";"8";"2045";"168";"1859";"19";"46";"121";"0";"03/10/2004";"18:49:25"
"25/02/2013";"10:37:03";"2004";"1";"ELEICOES 2004";"PB";"19402";"19402";"SAO BENTINHO";"31";"11";"PREFEITO";"2758";"7";"0";"2758";"7";"2558";"200";"2401";"29";"128";"0";"0";"03/10/2004";"18:59:29"
"25/02/2013";"10:37:03";"2004";"1";"ELEICOES 2004";"PB";"19402";"19402";"SAO BENTINHO";"31";"13";"VEREADOR";"2758";"7";"0";"2758";"7";"2558";"200";"2194";"18";"128";"218";"0";"03/10/2004";"18:59:29"
"25/02/2013";"10:37:03";"2004";"1";"ELEICOES 2004";"PB";"21792";"21792";"SAO BENTO";"69";"11";"PREFEITO";"19699";"55";"1";"19699";"55";"17776";"1923";"16897";"162";"717";"0";"0";"03/10/2004";"18:22:15"
"25/02/2013";"10:37:03";"2004";"1";"ELEICOES 2004";"PB";"21792";"21792";"SAO BENTO";"69";"13";"VEREADOR";"19699";"55";"1";"19699";"55";"17776";"1923";"16006";"207";"649";"914";"0";"03/10/2004";"18:22:15"
"25/02/2013";"10:37:03";"2004";"1";"ELEICOES 2004";"PB";"19429";"19429";"SAO DOMINGOS DE POMBAL";"31";"11";"PREFEITO";"2561";"8";"0";"2561";"8";"2404";"157";"2295";"12";"97";"0";"0";"03/10/2004";"18:59:32"
"25/02/2013";"10:37:03";"2004";"1";"ELEICOES 2004";"PB";"19429";"19429";"SAO DOMINGOS DE POMBAL";"31";"13";"VEREADOR";"2561";"8";"0";"2561";"8";"2404";"157";"2144";"16";"72";"172";"0";"03/10/2004";"18:59:32"
"25/02/2013";"10:37:03";"2004";"1";"ELEICOES 2004";"PB";"19224";"19224";"SAO DOMINGOS DO CARIRI";"21";"11";"PREFEITO";"2056";"7";"0";"2056";"7";"1984";"72";"1920";"8";"56";"0";"0";"03/10/2004";"19:40:24"
"25/02/2013";"10:37:03";"2004";"1";"ELEICOES 2004";"PB";"19224";"19224";"SAO DOMINGOS DO CARIRI";"21";"13";"VEREADOR";"2056";"7";"0";"2056";"7";"1984";"72";"1831";"5";"42";"106";"0";"03/10/2004";"19:40:24"
"25/02/2013";"10:37:03";"2004";"1";"ELEICOES 2004";"PB";"19860";"19860";"SAO FRANCISCO";"63";"11";"PREFEITO";"2958";"10";"5";"2958";"10";"2855";"103";"2703";"14";"138";"0";"0";"03/10/2004";"19:44:12"
"25/02/2013";"10:37:03";"2004";"1";"ELEICOES 2004";"PB";"19860";"19860";"SAO FRANCISCO";"63";"13";"VEREADOR";"2958";"10";"5";"2958";"10";"2855";"103";"2568";"14";"67";"206";"0";"03/10/2004";"19:44:12"
"25/02/2013";"10:37:03";"2004";"1";"ELEICOES 2004";"PB";"21814";"21814";"SAO JOAO DO CARIRI";"22";"11";"PREFEITO";"3549";"8";"9";"3549";"8";"3216";"333";"3056";"40";"120";"0";"0";"03/10/2004";"18:43:51"
"25/02/2013";"10:37:03";"2004";"1";"ELEICOES 2004";"PB";"21814";"21814";"SAO JOAO DO CARIRI";"22";"13";"VEREADOR";"3549";"8";"9";"3549";"8";"3216";"333";"2866";"25";"100";"225";"0";"05/10/2004";"15:43:19"
"25/02/2013";"10:37:03";"2004";"1";"ELEICOES 2004";"PB";"19135";"19135";"SAO JOAO DO RIO DO PEIXE";"37";"11";"PREFEITO";"13123";"40";"21";"13123";"40";"11583";"1540";"10681";"176";"726";"0";"0";"03/10/2004";"20:39:46"
"25/02/2013";"10:37:03";"2004";"1";"ELEICOES 2004";"PB";"19135";"19135";"SAO JOAO DO RIO DO PEIXE";"37";"13";"VEREADOR";"13123";"40";"21";"13123";"40";"11583";"1540";"10333";"136";"266";"848";"0";"03/10/2004";"20:39:46"
"25/02/2013";"10:37:03";"2004";"1";"ELEICOES 2004";"PB";"21830";"21830";"SAO JOAO DO TIGRE";"29";"11";"PREFEITO";"3009";"10";"7";"3009";"10";"2754";"255";"2559";"26";"169";"0";"0";"03/10/2004";"20:22:23"
"25/02/2013";"10:37:03";"2004";"1";"ELEICOES 2004";"PB";"21830";"21830";"SAO JOAO DO TIGRE";"29";"13";"VEREADOR";"3009";"10";"7";"3009";"10";"2754";"255";"2414";"19";"108";"213";"0";"03/10/2004";"20:22:23"
"25/02/2013";"10:37:03";"2004";"1";"ELEICOES 2004";"PB";"21857";"21857";"SAO JOSE DA LAGOA TAPADA";"63";"11";"PREFEITO";"5468";"15";"16";"5468";"15";"5237";"231";"4885";"36";"316";"0";"0";"03/10/2004";"21:20:39"
"25/02/2013";"10:37:03";"2004";"1";"ELEICOES 2004";"PB";"21857";"21857";"SAO JOSE DA LAGOA TAPADA";"63";"13";"VEREADOR";"5468";"15";"16";"5468";"15";"5237";"231";"4444";"29";"298";"466";"0";"03/10/2004";"21:20:39"
"25/02/2013";"10:37:03";"2004";"1";"ELEICOES 2004";"PB";"21873";"21873";"SAO JOSE DE CAIANA";"33";"11";"PREFEITO";"4497";"14";"0";"4497";"14";"3699";"798";"3416";"48";"235";"0";"0";"03/10/2004";"18:19:30"
"25/02/2013";"10:37:03";"2004";"1";"ELEICOES 2004";"PB";"21873";"21873";"SAO JOSE DE CAIANA";"33";"13";"VEREADOR";"4497";"14";"0";"4497";"14";"3699";"798";"3138";"40";"139";"382";"0";"03/10/2004";"18:19:30"
"25/02/2013";"10:37:03";"2004";"1";"ELEICOES 2004";"PB";"21890";"21890";"SAO JOSE DE ESPINHARAS";"28";"11";"PREFEITO";"3645";"11";"13";"3645";"11";"3478";"167";"3308";"44";"126";"0";"0";"03/10/2004";"19:59:53"
"25/02/2013";"10:37:03";"2004";"1";"ELEICOES 2004";"PB";"21890";"21890";"SAO JOSE DE ESPINHARAS";"28";"13";"VEREADOR";"3645";"11";"13";"3645";"11";"3478";"167";"3093";"34";"68";"283";"0";"03/10/2004";"19:59:53"
"25/02/2013";"10:37:03";"2004";"1";"ELEICOES 2004";"PB";"21911";"21911";"SAO JOSE DE PIRANHAS";"40";"11";"PREFEITO";"12815";"38";"9";"12815";"38";"11016";"1799";"10110";"166";"740";"0";"0";"03/10/2004";"18:48:17"
"25/02/2013";"10:37:03";"2004";"1";"ELEICOES 2004";"PB";"21911";"21911";"SAO JOSE DE PIRANHAS";"40";"13";"VEREADOR";"12815";"38";"9";"12815";"38";"11016";"1799";"9661";"146";"389";"820";"0";"03/10/2004";"18:48:17"
"25/02/2013";"10:37:03";"2004";"1";"ELEICOES 2004";"PB";"19445";"19445";"SAO JOSE DE PRINCESA";"34";"11";"PREFEITO";"2965";"9";"4";"2965";"9";"2354";"611";"2105";"28";"221";"0";"0";"04/10/2004";"00:33:28"
"25/02/2013";"10:37:03";"2004";"1";"ELEICOES 2004";"PB";"19445";"19445";"SAO JOSE DE PRINCESA";"34";"13";"VEREADOR";"2965";"9";"4";"2965";"9";"2354";"611";"2034";"13";"79";"228";"0";"04/10/2004";"00:33:28"
"25/02/2013";"10:37:03";"2004";"1";"ELEICOES 2004";"PB";"21938";"21938";"SAO JOSE DO BONFIM";"65";"11";"PREFEITO";"2671";"7";"7";"2671";"7";"2544";"127";"2428";"18";"98";"0";"0";"03/10/2004";"20:09:43"
"25/02/2013";"10:37:03";"2004";"1";"ELEICOES 2004";"PB";"21938";"21938";"SAO JOSE DO BONFIM";"65";"13";"VEREADOR";"2671";"7";"7";"2671";"7";"2544";"127";"2269";"22";"92";"161";"0";"03/10/2004";"20:09:43"
"25/02/2013";"10:37:03";"2004";"1";"ELEICOES 2004";"PB";"19542";"19542";"SAO JOSE DO BREJO CRUZ";"38";"11";"PREFEITO";"1327";"5";"3";"1327";"5";"1308";"19";"1274";"16";"18";"0";"0";"03/10/2004";"17:30:11"
"25/02/2013";"10:37:03";"2004";"1";"ELEICOES 2004";"PB";"19542";"19542";"SAO JOSE DO BREJO CRUZ";"38";"13";"VEREADOR";"1327";"5";"3";"1327";"5";"1308";"19";"1215";"3";"24";"66";"0";"03/10/2004";"17:30:11"
"25/02/2013";"10:37:03";"2004";"1";"ELEICOES 2004";"PB";"21954";"21954";"SAO JOSE DO SABUGI";"26";"11";"PREFEITO";"3132";"8";"9";"3132";"8";"2953";"179";"2804";"22";"127";"0";"0";"03/10/2004";"18:15:36"
"25/02/2013";"10:37:03";"2004";"1";"ELEICOES 2004";"PB";"21954";"21954";"SAO JOSE DO SABUGI";"26";"13";"VEREADOR";"3132";"8";"9";"3132";"8";"2953";"179";"2651";"12";"114";"176";"0";"03/10/2004";"18:15:36"
"25/02/2013";"10:37:03";"2004";"1";"ELEICOES 2004";"PB";"21970";"21970";"SAO JOSE DOS CORDEIROS";"58";"11";"PREFEITO";"3078";"9";"9";"3078";"9";"2741";"337";"2572";"30";"139";"0";"0";"03/10/2004";"18:39:36"
"25/02/2013";"10:37:03";"2004";"1";"ELEICOES 2004";"PB";"21970";"21970";"SAO JOSE DOS CORDEIROS";"58";"13";"VEREADOR";"3078";"9";"9";"3078";"9";"2741";"337";"2383";"22";"119";"217";"0";"03/10/2004";"18:39:36"
"25/02/2013";"10:37:03";"2004";"1";"ELEICOES 2004";"PB";"19046";"19046";"SAO JOSE DOS RAMOS";"5";"11";"PREFEITO";"3684";"10";"0";"3684";"10";"3389";"295";"3160";"28";"201";"0";"0";"03/10/2004";"20:17:27"
"25/02/2013";"10:37:03";"2004";"1";"ELEICOES 2004";"PB";"19046";"19046";"SAO JOSE DOS RAMOS";"5";"13";"VEREADOR";"3684";"10";"0";"3684";"10";"3389";"295";"3044";"17";"113";"215";"0";"03/10/2004";"20:17:27"
"25/02/2013";"10:37:03";"2004";"1";"ELEICOES 2004";"PB";"21997";"21997";"SAO MAMEDE";"26";"11";"PREFEITO";"6467";"17";"10";"6467";"17";"5668";"799";"5403";"44";"221";"0";"0";"03/10/2004";"18:55:19"
"25/02/2013";"10:37:03";"2004";"1";"ELEICOES 2004";"PB";"21997";"21997";"SAO MAMEDE";"26";"13";"VEREADOR";"6467";"17";"10";"6467";"17";"5668";"799";"5064";"39";"216";"349";"0";"03/10/2004";"18:55:19"
"25/02/2013";"10:37:03";"2004";"1";"ELEICOES 2004";"PB";"22012";"22012";"SAO MIGUEL DE TAIPU";"5";"11";"PREFEITO";"4196";"14";"0";"4196";"14";"3838";"358";"3551";"59";"228";"0";"0";"03/10/2004";"19:56:07"
"25/02/2013";"10:37:03";"2004";"1";"ELEICOES 2004";"PB";"22012";"22012";"SAO MIGUEL DE TAIPU";"5";"13";"VEREADOR";"4196";"14";"0";"4196";"14";"3838";"358";"3251";"41";"166";"380";"0";"03/10/2004";"19:56:07"
"25/02/2013";"10:37:03";"2004";"1";"ELEICOES 2004";"PB";"22039";"22039";"SAO SEB. DE LAGOA DE ROCA";"13";"11";"PREFEITO";"7711";"23";"1";"7711";"23";"6700";"1011";"6348";"86";"266";"0";"0";"03/10/2004";"19:25:13"
"25/02/2013";"10:37:03";"2004";"1";"ELEICOES 2004";"PB";"22039";"22039";"SAO SEB. DE LAGOA DE ROCA";"13";"13";"VEREADOR";"7711";"23";"1";"7711";"23";"6700";"1011";"5817";"103";"304";"476";"0";"03/10/2004";"19:25:13"
"25/02/2013";"10:37:03";"2004";"1";"ELEICOES 2004";"PB";"22055";"22055";"SAO SEBASTIAO DO UMBUZEIRO";"29";"11";"PREFEITO";"2190";"9";"4";"2190";"9";"2109";"81";"1979";"20";"110";"0";"0";"03/10/2004";"18:18:19"
"25/02/2013";"10:37:03";"2004";"1";"ELEICOES 2004";"PB";"22055";"22055";"SAO SEBASTIAO DO UMBUZEIRO";"29";"13";"VEREADOR";"2190";"9";"4";"2190";"9";"2109";"81";"1865";"14";"71";"159";"0";"03/10/2004";"18:18:19"
"25/02/2013";"10:37:03";"2004";"1";"ELEICOES 2004";"PB";"22098";"22098";"SAO VICENTE DO SERIDO";"23";"11";"PREFEITO";"6614";"22";"4";"6614";"22";"5561";"1053";"5227";"44";"290";"0";"0";"03/10/2004";"20:33:04"
"25/02/2013";"10:37:03";"2004";"1";"ELEICOES 2004";"PB";"22098";"22098";"SAO VICENTE DO SERIDO";"23";"13";"VEREADOR";"6614";"22";"4";"6614";"22";"5561";"1053";"5012";"40";"153";"356";"0";"03/10/2004";"20:33:04"
"25/02/2013";"10:37:03";"2004";"1";"ELEICOES 2004";"PB";"22071";"22071";"SAPE";"4";"11";"PREFEITO";"34716";"107";"9";"34716";"107";"27361";"7355";"25215";"580";"1566";"0";"0";"04/10/2004";"04:00:58"
"25/02/2013";"10:37:03";"2004";"1";"ELEICOES 2004";"PB";"22071";"22071";"SAPE";"4";"13";"VEREADOR";"34716";"107";"9";"34716";"107";"27361";"7355";"23382";"623";"970";"2386";"0";"04/10/2004";"04:00:58"
"25/02/2013";"10:37:03";"2004";"1";"ELEICOES 2004";"PB";"22110";"22110";"SERRA BRANCA";"58";"11";"PREFEITO";"8714";"27";"14";"8714";"27";"7779";"935";"7277";"53";"449";"0";"0";"03/10/2004";"19:04:53"
"25/02/2013";"10:37:03";"2004";"1";"ELEICOES 2004";"PB";"22110";"22110";"SERRA BRANCA";"58";"13";"VEREADOR";"8714";"27";"14";"8714";"27";"7779";"935";"6992";"48";"161";"578";"0";"03/10/2004";"19:04:53"
"25/02/2013";"10:37:03";"2004";"1";"ELEICOES 2004";"PB";"22136";"22136";"SERRA DA RAIZ";"15";"11";"PREFEITO";"2574";"7";"2";"2574";"7";"2283";"291";"2201";"22";"60";"0";"0";"03/10/2004";"21:21:46"
"25/02/2013";"10:37:03";"2004";"1";"ELEICOES 2004";"PB";"22136";"22136";"SERRA DA RAIZ";"15";"13";"VEREADOR";"2574";"7";"2";"2574";"7";"2283";"291";"2053";"14";"77";"139";"0";"03/10/2004";"21:21:46"
"25/02/2013";"10:37:03";"2004";"1";"ELEICOES 2004";"PB";"22152";"22152";"SERRA GRANDE";"33";"11";"PREFEITO";"2459";"7";"0";"2459";"7";"2223";"236";"2082";"24";"117";"0";"0";"03/10/2004";"18:56:26"
"25/02/2013";"10:37:03";"2004";"1";"ELEICOES 2004";"PB";"22152";"22152";"SERRA GRANDE";"33";"13";"VEREADOR";"2459";"7";"0";"2459";"7";"2223";"236";"1990";"12";"66";"155";"0";"03/10/2004";"18:56:26"
"25/02/2013";"10:37:03";"2004";"1";"ELEICOES 2004";"PB";"22179";"22179";"SERRA REDONDA";"8";"11";"PREFEITO";"5572";"18";"3";"5572";"18";"4800";"772";"4529";"54";"217";"0";"0";"03/10/2004";"20:11:44"
"25/02/2013";"10:37:03";"2004";"1";"ELEICOES 2004";"PB";"22179";"22179";"SERRA REDONDA";"8";"13";"VEREADOR";"5572";"18";"3";"5572";"18";"4800";"772";"4184";"54";"287";"275";"0";"03/10/2004";"20:11:44"
"25/02/2013";"10:37:03";"2004";"1";"ELEICOES 2004";"PB";"22195";"22195";"SERRARIA";"12";"11";"PREFEITO";"4513";"15";"29";"4513";"15";"4239";"274";"3841";"59";"339";"0";"0";"03/10/2004";"17:53:18"
"25/02/2013";"10:37:03";"2004";"1";"ELEICOES 2004";"PB";"22195";"22195";"SERRARIA";"12";"13";"VEREADOR";"4513";"15";"29";"4513";"15";"4239";"274";"3696";"63";"168";"312";"0";"03/10/2004";"17:53:18"
"25/02/2013";"10:37:03";"2004";"1";"ELEICOES 2004";"PB";"19186";"19186";"SERTAOZINHO";"47";"11";"PREFEITO";"2716";"8";"0";"2716";"8";"2611";"105";"2497";"16";"98";"0";"0";"03/10/2004";"19:18:51"
"25/02/2013";"10:37:03";"2004";"1";"ELEICOES 2004";"PB";"19186";"19186";"SERTAOZINHO";"47";"13";"VEREADOR";"2716";"8";"0";"2716";"8";"2611";"105";"2357";"11";"78";"165";"0";"03/10/2004";"19:18:51"
"25/02/2013";"10:37:03";"2004";"1";"ELEICOES 2004";"PB";"19020";"19020";"SOBRADO";"4";"11";"PREFEITO";"5459";"14";"0";"5459";"14";"4708";"751";"4450";"53";"205";"0";"0";"03/10/2004";"19:42:40"
"25/02/2013";"10:37:03";"2004";"1";"ELEICOES 2004";"PB";"19020";"19020";"SOBRADO";"4";"13";"VEREADOR";"5459";"14";"0";"5459";"14";"4708";"751";"4157";"68";"136";"347";"0";"03/10/2004";"19:42:40"
"25/02/2013";"10:37:03";"2004";"1";"ELEICOES 2004";"PB";"22217";"22217";"SOLANEA";"48";"11";"PREFEITO";"21212";"64";"0";"21212";"64";"16100";"5112";"14687";"243";"1170";"0";"0";"03/10/2004";"18:45:15"
"25/02/2013";"10:37:03";"2004";"1";"ELEICOES 2004";"PB";"22217";"22217";"SOLANEA";"48";"13";"VEREADOR";"21212";"64";"0";"21212";"64";"16100";"5112";"13930";"261";"566";"1343";"0";"03/10/2004";"18:45:15"
"25/02/2013";"10:37:03";"2004";"1";"ELEICOES 2004";"PB";"22233";"22233";"SOLEDADE";"23";"11";"PREFEITO";"9142";"33";"3";"9142";"33";"8126";"1016";"7502";"99";"525";"0";"0";"04/10/2004";"01:24:22"
"25/02/2013";"10:37:03";"2004";"1";"ELEICOES 2004";"PB";"22233";"22233";"SOLEDADE";"23";"13";"VEREADOR";"9142";"33";"3";"9142";"33";"8126";"1016";"7228";"100";"195";"603";"0";"04/10/2004";"01:24:22"
"25/02/2013";"10:37:03";"2004";"1";"ELEICOES 2004";"PB";"19283";"19283";"SOSSEGO";"24";"11";"PREFEITO";"2239";"8";"0";"2239";"8";"2086";"153";"2021";"5";"60";"0";"0";"04/10/2004";"00:27:17"
"25/02/2013";"10:37:03";"2004";"1";"ELEICOES 2004";"PB";"19283";"19283";"SOSSEGO";"24";"13";"VEREADOR";"2239";"8";"0";"2239";"8";"2086";"153";"1872";"3";"65";"146";"0";"04/10/2004";"00:27:17"
"25/02/2013";"10:37:03";"2004";"1";"ELEICOES 2004";"PB";"22250";"22250";"SOUSA";"35";"11";"PREFEITO";"37776";"118";"21";"37776";"118";"31141";"6635";"29150";"515";"1476";"0";"0";"04/10/2004";"03:53:48"
"25/02/2013";"10:37:03";"2004";"1";"ELEICOES 2004";"PB";"22250";"22250";"SOUSA";"35";"13";"VEREADOR";"37776";"118";"21";"37776";"118";"31141";"6635";"27142";"630";"778";"2591";"0";"04/10/2004";"03:53:48"
"25/02/2013";"10:37:03";"2004";"1";"ELEICOES 2004";"PB";"22250";"22250";"SOUSA";"63";"11";"PREFEITO";"5056";"15";"5";"5056";"15";"4318";"738";"4051";"65";"202";"0";"0";"03/10/2004";"19:41:42"
"25/02/2013";"10:37:03";"2004";"1";"ELEICOES 2004";"PB";"22250";"22250";"SOUSA";"63";"13";"VEREADOR";"5056";"15";"5";"5056";"15";"4318";"738";"3759";"65";"100";"394";"0";"03/10/2004";"19:41:42"
"25/02/2013";"10:37:03";"2004";"1";"ELEICOES 2004";"PB";"22276";"22276";"SUME";"43";"11";"PREFEITO";"11101";"34";"9";"11101";"34";"9735";"1366";"9112";"100";"523";"0";"0";"03/10/2004";"18:33:49"
"25/02/2013";"10:37:03";"2004";"1";"ELEICOES 2004";"PB";"22276";"22276";"SUME";"43";"13";"VEREADOR";"11101";"34";"9";"11101";"34";"9735";"1366";"8466";"100";"279";"890";"0";"03/10/2004";"18:33:49"
"25/02/2013";"10:37:03";"2004";"1";"ELEICOES 2004";"PB";"22314";"22314";"TAPEROA";"27";"11";"PREFEITO";"9555";"27";"10";"9555";"27";"8324";"1231";"7791";"86";"447";"0";"0";"03/10/2004";"18:52:01"
"25/02/2013";"10:37:03";"2004";"1";"ELEICOES 2004";"PB";"22314";"22314";"TAPEROA";"27";"13";"VEREADOR";"9555";"27";"10";"9555";"27";"8324";"1231";"7312";"95";"319";"598";"0";"03/10/2004";"18:52:01"
"25/02/2013";"10:37:03";"2004";"1";"ELEICOES 2004";"PB";"22330";"22330";"TAVARES";"34";"11";"PREFEITO";"9023";"23";"10";"9023";"23";"7259";"1764";"6879";"84";"296";"0";"0";"03/10/2004";"21:48:48"
"25/02/2013";"10:37:03";"2004";"1";"ELEICOES 2004";"PB";"22330";"22330";"TAVARES";"34";"13";"VEREADOR";"9023";"23";"10";"9023";"23";"7259";"1764";"6282";"160";"235";"582";"0";"03/10/2004";"21:48:48"
"25/02/2013";"10:37:03";"2004";"1";"ELEICOES 2004";"PB";"22357";"22357";"TEIXEIRA";"30";"11";"PREFEITO";"9071";"24";"10";"9071";"24";"8126";"945";"7576";"85";"465";"0";"0";"03/10/2004";"20:42:06"
"25/02/2013";"10:37:03";"2004";"1";"ELEICOES 2004";"PB";"22357";"22357";"TEIXEIRA";"30";"13";"VEREADOR";"9071";"24";"10";"9071";"24";"8126";"945";"7199";"82";"250";"595";"0";"03/10/2004";"21:38:52"
"25/02/2013";"10:37:03";"2004";"1";"ELEICOES 2004";"PB";"19682";"19682";"TENORIO";"56";"11";"PREFEITO";"2006";"7";"0";"2006";"7";"1793";"213";"1698";"25";"70";"0";"0";"03/10/2004";"18:49:35"
"25/02/2013";"10:37:03";"2004";"1";"ELEICOES 2004";"PB";"19682";"19682";"TENORIO";"56";"13";"VEREADOR";"2006";"7";"0";"2006";"7";"1793";"213";"1580";"15";"76";"122";"0";"03/10/2004";"18:49:35"
"25/02/2013";"10:37:03";"2004";"1";"ELEICOES 2004";"PB";"22373";"22373";"TRIUNFO";"37";"11";"PREFEITO";"6979";"20";"5";"6979";"20";"5783";"1196";"5490";"42";"251";"0";"0";"03/10/2004";"19:39:40"
"25/02/2013";"10:37:03";"2004";"1";"ELEICOES 2004";"PB";"22373";"22373";"TRIUNFO";"37";"13";"VEREADOR";"6979";"20";"5";"6979";"20";"5783";"1196";"5187";"32";"208";"356";"0";"03/10/2004";"19:39:40"
"25/02/2013";"10:37:03";"2004";"1";"ELEICOES 2004";"PB";"22390";"22390";"UIRAUNA";"53";"11";"PREFEITO";"10073";"35";"12";"10073";"35";"8996";"1077";"8454";"85";"457";"0";"0";"03/10/2004";"19:44:33"
"25/02/2013";"10:37:03";"2004";"1";"ELEICOES 2004";"PB";"22390";"22390";"UIRAUNA";"53";"13";"VEREADOR";"10073";"35";"12";"10073";"35";"8996";"1077";"7878";"109";"309";"700";"0";"03/10/2004";"19:44:33"
"25/02/2013";"10:37:03";"2004";"1";"ELEICOES 2004";"PB";"22411";"22411";"UMBUZEIRO";"18";"11";"PREFEITO";"6592";"18";"12";"6592";"18";"5636";"956";"5141";"58";"437";"0";"0";"03/10/2004";"19:00:46"
"25/02/2013";"10:37:03";"2004";"1";"ELEICOES 2004";"PB";"22411";"22411";"UMBUZEIRO";"18";"13";"VEREADOR";"6592";"18";"12";"6592";"18";"5636";"956";"4916";"63";"183";"474";"0";"03/10/2004";"19:00:46"
"25/02/2013";"10:37:03";"2004";"1";"ELEICOES 2004";"PB";"22438";"22438";"VARZEA";"26";"11";"PREFEITO";"1945";"6";"4";"1945";"6";"1894";"51";"1825";"11";"58";"0";"0";"03/10/2004";"18:06:26"
"25/02/2013";"10:37:03";"2004";"1";"ELEICOES 2004";"PB";"22438";"22438";"VARZEA";"26";"13";"VEREADOR";"1945";"6";"4";"1945";"6";"1894";"51";"1709";"9";"66";"110";"0";"03/10/2004";"18:06:26"
"25/02/2013";"10:37:03";"2004";"1";"ELEICOES 2004";"PB";"19887";"19887";"VIEIROPOLIS";"63";"11";"PREFEITO";"3912";"13";"6";"3912";"13";"3773";"139";"3572";"31";"170";"0";"0";"03/10/2004";"21:17:13"
"25/02/2013";"10:37:03";"2004";"1";"ELEICOES 2004";"PB";"19887";"19887";"VIEIROPOLIS";"63";"13";"VEREADOR";"3912";"13";"6";"3912";"13";"3773";"139";"3410";"24";"95";"244";"0";"03/10/2004";"21:17:13"
"25/02/2013";"10:37:03";"2004";"1";"ELEICOES 2004";"PB";"20117";"20117";"VISTA SERRANA";"51";"11";"PREFEITO";"2406";"6";"4";"2406";"6";"2165";"241";"2020";"16";"129";"0";"0";"03/10/2004";"19:21:02"
"25/02/2013";"10:37:03";"2004";"1";"ELEICOES 2004";"PB";"20117";"20117";"VISTA SERRANA";"51";"13";"VEREADOR";"2406";"6";"4";"2406";"6";"2165";"241";"2005";"11";"51";"98";"0";"03/10/2004";"19:21:02"
"25/02/2013";"10:37:03";"2004";"1";"ELEICOES 2004";"PB";"19348";"19348";"ZABELE";"29";"11";"PREFEITO";"1617";"7";"0";"1617";"7";"1491";"126";"1408";"15";"68";"0";"0";"03/10/2004";"19:03:02"
"25/02/2013";"10:37:03";"2004";"1";"ELEICOES 2004";"PB";"19348";"19348";"ZABELE";"29";"13";"VEREADOR";"1617";"7";"0";"1617";"7";"1491";"126";"1346";"6";"50";"89";"0";"03/10/2004";"19:03:02"
"25/02/2013";"10:37:03";"2004";"2";"ELEICOES 2004";"PB";"19810";"19810";"CAMPINA GRANDE";"16";"11";"PREFEITO";"43371";"134";"3";"43371";"134";"37197";"6174";"36302";"201";"694";"0";"0";"31/10/2004";"18:55:22"
"25/02/2013";"10:37:03";"2004";"2";"ELEICOES 2004";"PB";"19810";"19810";"CAMPINA GRANDE";"17";"11";"PREFEITO";"83648";"232";"14";"83648";"232";"72377";"11271";"70439";"453";"1485";"0";"0";"31/10/2004";"19:35:25"
"25/02/2013";"10:37:03";"2004";"2";"ELEICOES 2004";"PB";"19810";"19810";"CAMPINA GRANDE";"71";"11";"PREFEITO";"33738";"97";"22";"33738";"97";"28729";"5009";"27945";"166";"618";"0";"0";"31/10/2004";"18:47:36"
"25/02/2013";"10:37:03";"2004";"2";"ELEICOES 2004";"PB";"19810";"19810";"CAMPINA GRANDE";"72";"11";"PREFEITO";"81388";"219";"8";"81388";"219";"70011";"11377";"68323";"352";"1336";"0";"0";"31/10/2004";"18:55:22"
